crate, num_effects, total, loc_lb, loc_ub, macros, loc_lb, loc_ub, conditional_code, loc_lb, loc_ub, skipped_calls, loc_lb, loc_ub, skipped_fn_ptrs, loc_lb, loc_ub, skipped_other, loc_lb, loc_ub, unsafe_trait, loc_lb, loc_ub, unsafe_impl, loc_lb, loc_ub, pub_fns, pub_fns_with_effects, pub_total_effects, audited_fns, audited_loc
adler, 2, 2, 431, 431, 0, 0, 0, 1, 65, 65, 0, 0, 0, 0, 0, 0, 0, 0, 0, 0, 0, 0, 0, 0, 0, 6, 1, 2, 1, 14
ahash, 2, 10, 3838, 3838, 95, 250, 324, 55, 1352, 1352, 0, 0, 0, 0, 0, 0, 18, 0, 18, 0, 0, 0, 0, 0, 0, 20, 0, 0, 1, 29
aho-corasick, 336, 31, 18362, 18362, 327, 1229, 1450, 46, 1180, 1180, 0, 0, 0, 0, 0, 0, 34, 91, 111, 1, 0, 1, 5, 0, 5, 208, 41, 3750, 105, 1912
alsa, 538, 17, 12225, 12225, 955, 4327, 4749, 11, 0, 11, 0, 0, 0, 0, 0, 0, 34, 12, 34, 0, 0, 0, 18, 0, 18, 646, 368, 577, 497, 1862
alsa-sys, 1312, 2, 8781, 8781, 13, 0, 13, 0, 0, 0, 0, 0, 0, 0, 0, 0, 0, 0, 0, 0, 0, 0, 0, 0, 0, 1305, 1297, 1312, 1297, 2786
android_log-sys, 7, 1, 85, 85, 0, 0, 0, 0, 0, 0, 0, 0, 0, 0, 0, 0, 0, 0, 0, 0, 0, 0, 0, 0, 0, 7, 7, 7, 7, 21
arrayref, 0, 1, 500, 500, 4, 255, 255, 1, 201, 201, 0, 0, 0, 0, 0, 0, 0, 0, 0, 0, 0, 0, 0, 0, 0, 0, 0, 0, 0, 0
ash, 3636, 92, 136465, 136466, 1411, 5792, 6209, 1, 21, 21, 0, 0, 0, 0, 0, 0, 5377, 724, 5379, 89, 0, 89, 3112, 0, 3112, 7296, 1442, 5834, 1551, 20857
askama_derive, 121, 9, 5214, 5214, 192, 570, 673, 7, 331, 331, 55, 88, 128, 0, 0, 0, 2, 0, 2, 0, 0, 0, 0, 0, 0, 1, 1, 40, 51, 1534
askama_escape, 2, 1, 238, 238, 12, 23, 32, 1, 13, 13, 0, 0, 0, 0, 0, 0, 0, 0, 0, 0, 0, 0, 0, 0, 0, 6, 1, 1, 5, 26
askama_shared, 68, 10, 5579, 5579, 119, 82, 185, 11, 1144, 1144, 58, 88, 131, 0, 0, 0, 3, 0, 3, 0, 0, 0, 0, 0, 0, 44, 11, 72, 51, 1494
async-task, 107, 7, 2664, 2664, 8, 9, 16, 12, 207, 207, 0, 0, 0, 0, 0, 0, 4, 5, 8, 0, 0, 0, 4, 0, 4, 18, 12, 84, 41, 1075
async-trait, 2, 8, 1255, 1255, 44, 46, 80, 1, 1, 1, 0, 0, 0, 0, 0, 0, 0, 0, 0, 0, 0, 0, 0, 0, 0, 8, 0, 0, 2, 30
atomic, 32, 3, 1179, 1179, 27, 251, 258, 1, 329, 329, 0, 0, 0, 0, 0, 0, 0, 0, 0, 0, 0, 0, 1, 0, 1, 39, 21, 32, 23, 97
audio-mixer, 2, 4, 961, 961, 12, 30, 39, 1, 259, 259, 0, 0, 0, 0, 0, 0, 7, 8, 11, 0, 0, 0, 0, 0, 0, 13, 3, 6, 3, 80
audio_thread_priority, 39, 5, 1285, 1285, 19, 369, 378, 1, 134, 134, 0, 0, 0, 0, 0, 0, 0, 0, 0, 0, 0, 0, 0, 0, 0, 22, 17, 88, 20, 341
authenticator, 255, 89, 18811, 18811, 396, 297, 636, 33, 4422, 4422, 10, 6, 14, 0, 0, 0, 64, 0, 64, 0, 0, 0, 3, 0, 3, 214, 91, 1220, 199, 3797
base64, 25, 21, 6404, 6404, 231, 235, 408, 12, 809, 809, 0, 0, 0, 0, 0, 0, 15, 2, 15, 0, 0, 0, 0, 0, 0, 39, 2, 4, 31, 575
binary-space-partition, 0, 0, 0, 0, 0, 0, 0, 0, 0, 0, 0, 0, 0, 0, 0, 0, 0, 0, 0, 0, 0, 0, 0, 0, 0, 0, 0, 0, 0, 0
bincode, 26, 29, 7791, 7791, 190, 92, 263, 18, 108, 108, 0, 0, 0, 0, 0, 0, 62, 5, 62, 0, 0, 0, 0, 0, 0, 58, 32, 149, 323, 3068
bitflags, 0, 10, 3419, 3419, 26, 1381, 1386, 4, 1106, 1106, 0, 0, 0, 0, 0, 0, 7, 6, 7, 0, 0, 0, 0, 0, 0, 5, 0, 0, 0, 0
bitflags_serde_shim, 0, 1, 106, 106, 1, 47, 47, 0, 0, 0, 0, 0, 0, 0, 0, 0, 0, 0, 0, 0, 0, 0, 0, 0, 0, 0, 0, 0, 0, 0
bitreader, 0, 2, 770, 770, 145, 41, 179, 1, 1, 1, 0, 0, 0, 0, 0, 0, 0, 0, 0, 0, 0, 0, 0, 0, 0, 23, 0, 0, 0, 0
bitvec, 549, 60, 28553, 28553, 1158, 3397, 4359, 14, 1584, 1584, 0, 0, 0, 0, 0, 0, 132, 157, 243, 1, 0, 1, 18, 0, 18, 367, 278, 4208, 668, 4052
block, 0, 0, 0, 0, 0, 0, 0, 0, 0, 0, 0, 0, 0, 0, 0, 0, 0, 0, 0, 0, 0, 0, 0, 0, 0, 0, 0, 0, 0, 0
block-buffer, 9, 3, 575, 575, 8, 0, 8, 0, 0, 0, 0, 0, 0, 0, 0, 0, 5, 0, 5, 0, 0, 0, 0, 0, 0, 24, 15, 22, 20, 194
byteorder, 92, 2, 5642, 5642, 70, 64, 130, 2, 1664, 1664, 0, 0, 0, 0, 0, 0, 0, 0, 0, 0, 0, 0, 0, 0, 0, 96, 84, 186, 97, 427
bytes, 141, 19, 7358, 7358, 114, 463, 554, 7, 99, 99, 0, 0, 0, 0, 0, 0, 13, 0, 13, 1, 0, 1, 11, 0, 11, 153, 70, 1666, 188, 1452
cache-padded, 0, 1, 186, 186, 0, 0, 0, 0, 0, 0, 0, 0, 0, 0, 0, 0, 1, 0, 1, 0, 0, 0, 0, 0, 0, 2, 0, 0, 0, 0
camino, 115, 4, 3232, 3232, 48, 149, 192, 14, 237, 237, 0, 0, 0, 0, 0, 0, 18, 0, 18, 0, 0, 0, 0, 0, 0, 67, 58, 105, 129, 426
cargo-platform, 0, 3, 529, 529, 17, 19, 32, 0, 0, 0, 0, 0, 0, 0, 0, 0, 4, 0, 4, 0, 0, 0, 0, 0, 0, 5, 0, 0, 0, 0
cargo_metadata, 23, 5, 1284, 1284, 5, 6, 9, 0, 0, 0, 0, 0, 0, 0, 0, 0, 2, 0, 2, 0, 0, 0, 0, 0, 0, 26, 2, 40, 3, 68
cexpr, 2, 4, 1132, 1132, 17, 39, 53, 0, 0, 0, 21, 205, 208, 0, 0, 0, 1, 0, 1, 0, 0, 0, 0, 0, 0, 10, 0, 0, 2, 8
cfg_aliases, 0, 1, 371, 371, 1, 247, 247, 0, 0, 0, 0, 0, 0, 0, 0, 0, 0, 0, 0, 0, 0, 0, 0, 0, 0, 0, 0, 0, 0, 0
chrono, 68, 40, 25192, 25192, 579, 686, 1122, 52, 4747, 4747, 0, 0, 0, 0, 0, 0, 96, 22, 105, 0, 0, 0, 2, 0, 2, 299, 61, 1162, 215, 1765
chunky-vec, 3, 1, 342, 342, 2, 0, 2, 1, 35, 35, 0, 0, 0, 0, 0, 0, 9, 0, 9, 0, 0, 0, 0, 0, 0, 14, 3, 7, 3, 17
clang-sys, 21, 3, 2834, 2834, 120, 2026, 2086, 1, 7, 7, 0, 0, 0, 0, 0, 0, 0, 0, 0, 0, 0, 0, 0, 0, 0, 1, 1, 21, 8, 135
clap, 0, 20, 1292, 1292, 0, 0, 0, 0, 0, 0, 0, 0, 0, 0, 0, 0, 0, 0, 0, 0, 0, 0, 0, 0, 0, 1, 0, 0, 0, 0
clap_derive, 9, 16, 3999, 3999, 257, 928, 1042, 2, 9, 9, 0, 0, 0, 0, 0, 0, 1, 0, 1, 0, 0, 0, 0, 0, 0, 73, 22, 96, 31, 2202
clap_lex, 29, 2, 820, 820, 4, 0, 4, 0, 0, 0, 0, 0, 0, 0, 0, 0, 2, 0, 2, 0, 0, 0, 0, 0, 0, 27, 16, 43, 36, 169
codespan-reporting, 4, 7, 2592, 2592, 64, 11, 73, 2, 51, 51, 0, 0, 0, 0, 0, 0, 11, 11, 18, 0, 0, 0, 0, 0, 0, 43, 3, 6, 6, 751
cookie, 1, 12, 4349, 4349, 23, 45, 62, 8, 807, 807, 0, 0, 0, 0, 0, 0, 6, 0, 6, 0, 0, 0, 0, 0, 0, 92, 2, 2, 6, 149
copyless, 8, 3, 145, 145, 1, 0, 1, 0, 0, 0, 0, 0, 0, 0, 0, 0, 0, 0, 0, 0, 0, 0, 0, 0, 0, 3, 3, 8, 8, 50
core-foundation, 272, 21, 3428, 3428, 94, 253, 324, 21, 763, 763, 0, 0, 0, 0, 0, 0, 9, 1, 9, 4, 0, 4, 12, 0, 12, 137, 134, 289, 183, 1029
core-foundation-sys, 254, 21, 1499, 1499, 0, 0, 0, 2, 23, 23, 0, 0, 0, 0, 0, 0, 52, 2, 53, 0, 0, 0, 0, 0, 0, 255, 254, 254, 254, 107
core-graphics, 379, 17, 3425, 3426, 40, 112, 136, 10, 62, 62, 2, 0, 2, 0, 0, 0, 126, 119, 194, 0, 0, 0, 2, 0, 2, 253, 246, 376, 253, 1106
core-graphics-types, 16, 3, 207, 207, 0, 0, 0, 0, 0, 0, 0, 0, 0, 0, 0, 0, 0, 0, 0, 0, 0, 0, 0, 0, 0, 20, 16, 24, 16, 41
core-text, 181, 10, 1766, 1766, 69, 14, 76, 4, 36, 36, 0, 0, 0, 0, 0, 0, 49, 0, 49, 0, 0, 0, 4, 0, 4, 101, 99, 230, 113, 724
coreaudio-sys, 0, 1, 5, 5, 1, 0, 1, 0, 0, 0, 0, 0, 0, 0, 0, 0, 0, 0, 0, 0, 0, 0, 0, 0, 0, 0, 0, 0, 0, 0
coremidi, 114, 15, 3393, 3393, 22, 12, 31, 5, 755, 755, 4, 0, 4, 0, 0, 0, 28, 4, 29, 0, 0, 0, 0, 0, 0, 102, 43, 180, 83, 688
coremidi-sys, 63, 2, 1247, 1247, 58, 440, 445, 1, 89, 89, 0, 0, 0, 0, 0, 0, 48, 0, 48, 0, 0, 0, 0, 0, 0, 56, 56, 59, 57, 162
cose, 0, 5, 994, 994, 85, 126, 158, 2, 2, 2, 0, 0, 0, 0, 0, 0, 0, 0, 0, 0, 0, 0, 0, 0, 0, 2, 0, 0, 0, 0
cose-c, 3, 1, 84, 84, 0, 0, 0, 0, 0, 0, 0, 0, 0, 0, 0, 0, 0, 0, 0, 0, 0, 0, 0, 0, 0, 1, 1, 3, 2, 54
cpufeatures, 1, 4, 467, 467, 15, 237, 237, 3, 29, 29, 0, 0, 0, 0, 0, 0, 0, 0, 0, 0, 0, 0, 0, 0, 0, 1, 1, 1, 1, 2
crc32fast, 80, 7, 1375, 1375, 9, 36, 44, 6, 118, 118, 0, 0, 0, 0, 0, 0, 0, 0, 0, 0, 0, 0, 0, 0, 0, 26, 3, 25, 7, 155
crossbeam-channel, 98, 16, 7694, 7694, 34, 1160, 1185, 0, 0, 0, 0, 0, 0, 0, 0, 0, 10, 3, 12, 0, 0, 0, 6, 0, 6, 64, 17, 251, 85, 1377
crossbeam-deque, 114, 2, 2306, 2306, 6, 8, 13, 0, 0, 0, 0, 0, 0, 0, 0, 0, 1, 3, 3, 0, 0, 0, 6, 0, 6, 28, 13, 303, 22, 1085
crossbeam-epoch, 119, 12, 4892, 4892, 20, 39, 54, 15, 1027, 1027, 1, 0, 1, 0, 0, 0, 11, 12, 18, 0, 0, 0, 11, 0, 11, 50, 42, 408, 111, 815
crossbeam-utils, 29, 14, 3995, 3995, 45, 646, 670, 7, 57, 57, 0, 0, 0, 0, 0, 0, 5, 1, 5, 0, 0, 0, 16, 0, 16, 50, 16, 23, 28, 305
d3d12, 140, 14, 2304, 2304, 20, 249, 256, 0, 0, 0, 0, 0, 0, 0, 0, 0, 4, 0, 4, 0, 0, 0, 0, 0, 0, 117, 99, 142, 101, 879
darling, 0, 2, 202, 202, 2, 89, 89, 0, 0, 0, 0, 0, 0, 0, 0, 0, 0, 0, 0, 0, 0, 0, 0, 0, 0, 0, 0, 0, 0, 0
darling_core, 33, 64, 8247, 8247, 335, 696, 977, 18, 818, 818, 0, 0, 0, 0, 0, 0, 21, 1, 21, 0, 0, 0, 0, 0, 0, 159, 27, 117, 113, 1387
darling_macro, 0, 1, 41, 41, 6, 0, 6, 0, 0, 0, 0, 0, 0, 0, 0, 0, 0, 0, 0, 0, 0, 0, 0, 0, 0, 7, 0, 0, 0, 0
dashmap, 96, 20, 4340, 4340, 24, 151, 167, 5, 416, 416, 0, 0, 0, 0, 0, 0, 47, 3, 49, 0, 0, 0, 26, 0, 26, 132, 81, 209, 175, 919
data-encoding, 13, 1, 2393, 2393, 50, 67, 109, 10, 259, 259, 0, 0, 0, 0, 0, 0, 0, 0, 0, 0, 0, 0, 0, 0, 0, 8, 1, 2, 14, 247
dbus, 193, 28, 9210, 9210, 216, 845, 1044, 26, 924, 924, 4, 19, 21, 0, 0, 0, 79, 7, 80, 1, 0, 1, 8, 0, 8, 249, 137, 2136, 458, 2110
derive_more, 7, 27, 5477, 5477, 402, 433, 752, 3, 104, 104, 0, 0, 0, 0, 0, 0, 1, 0, 1, 0, 0, 0, 0, 0, 0, 71, 3, 7, 7, 522
devd-rs, 34, 4, 277, 277, 0, 0, 0, 1, 74, 74, 0, 0, 0, 0, 0, 0, 0, 0, 0, 0, 0, 0, 0, 0, 0, 8, 7, 32, 17, 89
digest, 0, 14, 1961, 1961, 13, 216, 224, 0, 0, 0, 0, 0, 0, 0, 0, 0, 17, 6, 17, 0, 0, 0, 0, 0, 0, 24, 0, 0, 0, 0
dirs, 29, 5, 433, 433, 0, 0, 0, 5, 35, 35, 0, 0, 0, 0, 0, 0, 0, 0, 0, 0, 0, 0, 0, 0, 0, 95, 20, 98, 20, 20
dirs-sys, 8, 2, 470, 470, 0, 0, 0, 6, 277, 277, 0, 0, 0, 0, 0, 0, 0, 0, 0, 0, 0, 0, 0, 0, 0, 3, 3, 14, 5, 86
dns-parser, 0, 32, 2434, 2434, 45, 87, 124, 12, 975, 975, 0, 0, 0, 0, 0, 0, 25, 0, 25, 0, 0, 0, 0, 0, 0, 16, 0, 0, 0, 0
dogear, 2, 8, 8049, 8049, 359, 1694, 1866, 3, 40, 40, 0, 0, 0, 0, 0, 0, 7, 2, 7, 0, 0, 0, 0, 0, 0, 88, 1, 1, 5, 238
dtoa, 75, 3, 1079, 1079, 4, 447, 447, 0, 0, 0, 0, 0, 0, 0, 0, 0, 3, 0, 3, 0, 0, 0, 0, 0, 0, 6, 3, 77, 7, 211
dtoa-short, 1, 1, 192, 192, 6, 0, 6, 0, 0, 0, 0, 0, 0, 0, 0, 0, 0, 0, 0, 0, 0, 0, 0, 0, 0, 1, 1, 1, 5, 17
dwrote, 308, 21, 2867, 2867, 77, 172, 241, 1, 1, 1, 0, 0, 0, 0, 0, 0, 14, 0, 14, 0, 0, 0, 5, 0, 5, 99, 77, 375, 100, 1065
either, 10, 3, 1611, 1611, 83, 115, 190, 0, 0, 0, 0, 0, 0, 0, 0, 0, 3, 0, 3, 0, 0, 0, 0, 0, 0, 38, 2, 5, 4, 74
enumset, 2, 2, 1194, 1194, 9, 318, 323, 0, 0, 0, 0, 0, 0, 0, 0, 0, 12, 3, 12, 3, 0, 3, 0, 0, 0, 28, 0, 0, 2, 16
enumset_derive, 0, 1, 590, 590, 37, 206, 231, 2, 4, 4, 0, 0, 0, 0, 0, 0, 0, 0, 0, 0, 0, 0, 0, 0, 0, 1, 0, 0, 0, 0
env_logger, 9, 13, 3876, 3877, 26, 56, 73, 10, 866, 866, 0, 0, 0, 0, 0, 0, 0, 0, 0, 0, 0, 0, 0, 0, 0, 75, 10, 19, 18, 113
error-chain, 1, 6, 1995, 1995, 20, 1107, 1112, 3, 85, 85, 0, 0, 0, 0, 0, 0, 2, 1, 2, 0, 0, 0, 0, 0, 0, 6, 1, 1, 1, 6
etagere, 0, 3, 2233, 2233, 132, 45, 169, 2, 2, 2, 0, 0, 0, 0, 0, 0, 6, 0, 6, 0, 0, 0, 0, 0, 0, 27, 0, 0, 0, 0
euclid, 14, 22, 16220, 16220, 103, 246, 307, 20, 3392, 3392, 0, 0, 0, 0, 0, 0, 94, 0, 94, 0, 0, 0, 42, 0, 42, 640, 4, 4, 16, 32
fallible-iterator, 0, 2, 2226, 2226, 111, 82, 171, 10, 119, 119, 0, 0, 0, 0, 0, 0, 47, 5, 47, 0, 0, 0, 0, 0, 0, 44, 0, 0, 0, 0
fallible-streaming-iterator, 0, 1, 898, 898, 0, 0, 0, 2, 33, 33, 0, 0, 0, 0, 0, 0, 26, 2, 26, 0, 0, 0, 0, 0, 0, 22, 0, 0, 0, 0
fallible_collections, 308, 14, 7272, 7272, 54, 41, 92, 15, 370, 370, 0, 0, 0, 0, 0, 0, 45, 0, 45, 0, 0, 0, 8, 0, 8, 141, 91, 2506, 222, 2442
fastrand, 0, 1, 705, 705, 36, 170, 185, 0, 0, 0, 0, 0, 0, 0, 0, 0, 0, 0, 0, 0, 0, 0, 0, 0, 0, 26, 0, 0, 0, 0
ffi-support, 19, 7, 3197, 3197, 36, 398, 412, 7, 379, 379, 0, 0, 0, 0, 0, 0, 10, 42, 48, 1, 0, 1, 6, 0, 6, 68, 29, 41, 41, 191
flate2, 100, 20, 6111, 6111, 31, 20, 45, 9, 895, 895, 0, 0, 0, 0, 0, 0, 4, 0, 4, 0, 0, 0, 2, 0, 2, 219, 78, 345, 185, 1144
float-cmp, 0, 6, 1156, 1156, 113, 91, 200, 2, 17, 17, 0, 0, 0, 0, 0, 0, 10, 3, 12, 0, 0, 0, 0, 0, 0, 10, 0, 0, 0, 0
foreign-types, 0, 1, 249, 249, 1, 32, 32, 0, 0, 0, 0, 0, 0, 0, 0, 0, 0, 0, 0, 0, 0, 0, 0, 0, 0, 0, 0, 0, 0, 0
foreign-types-shared, 0, 1, 91, 91, 2, 0, 2, 0, 0, 0, 0, 0, 0, 0, 0, 0, 3, 3, 3, 2, 0, 2, 0, 0, 0, 4, 0, 0, 0, 0
form_urlencoded, 2, 1, 407, 407, 3, 4, 6, 0, 0, 0, 0, 0, 0, 0, 0, 0, 6, 0, 6, 0, 0, 0, 0, 0, 0, 12, 0, 0, 5, 77
freetype, 81, 3, 2638, 2638, 237, 781, 781, 0, 0, 0, 0, 0, 0, 0, 0, 0, 0, 0, 0, 0, 0, 0, 0, 0, 0, 83, 81, 81, 81, 75
fs-err, 119, 14, 1854, 1854, 29, 0, 29, 18, 235, 235, 0, 0, 0, 0, 0, 0, 1, 0, 1, 0, 0, 0, 0, 0, 0, 102, 88, 236, 126, 579
fuchsia-zircon, 72, 18, 2650, 2650, 29, 220, 240, 9, 754, 754, 0, 0, 0, 0, 0, 0, 8, 0, 8, 0, 0, 0, 0, 0, 0, 108, 55, 81, 58, 404
fuchsia-zircon-sys, 143, 2, 1367, 1367, 12, 182, 184, 0, 0, 0, 0, 0, 0, 0, 0, 0, 0, 0, 0, 0, 0, 0, 0, 0, 0, 139, 139, 139, 140, 625
funty, 40, 4, 2968, 2968, 47, 1017, 1034, 2, 54, 54, 0, 0, 0, 0, 0, 0, 15, 8, 20, 0, 0, 0, 2, 0, 2, 66, 32, 45, 41, 114
futures, 0, 1, 259, 259, 1, 1, 1, 2, 66, 66, 0, 0, 0, 0, 0, 0, 0, 0, 0, 0, 0, 0, 0, 0, 0, 0, 0, 0, 0, 0
futures-channel, 21, 6, 2205, 2205, 17, 8, 23, 6, 23, 23, 0, 0, 0, 0, 0, 0, 8, 0, 8, 0, 0, 0, 8, 0, 8, 38, 11, 34, 36, 398
futures-core, 4, 7, 805, 805, 5, 13, 16, 2, 52, 52, 0, 0, 0, 0, 0, 0, 11, 5, 11, 0, 0, 0, 2, 0, 2, 5, 3, 5, 3, 125
futures-executor, 6, 5, 1070, 1070, 9, 5, 13, 5, 29, 29, 0, 0, 0, 0, 0, 0, 2, 0, 2, 0, 0, 0, 2, 0, 2, 21, 2, 10, 7, 123
futures-io, 0, 1, 557, 557, 0, 0, 0, 1, 531, 531, 0, 0, 0, 0, 0, 0, 0, 0, 0, 0, 0, 0, 0, 0, 0, 0, 0, 0, 0, 0
futures-macro, 6, 5, 699, 699, 44, 267, 284, 0, 0, 0, 0, 0, 0, 0, 0, 0, 0, 0, 0, 0, 0, 0, 0, 0, 0, 6, 2, 5, 5, 222
futures-sink, 0, 1, 239, 239, 0, 0, 0, 1, 77, 77, 0, 0, 0, 0, 0, 0, 3, 1, 3, 0, 0, 0, 0, 0, 0, 0, 0, 0, 0, 0
futures-task, 23, 7, 807, 807, 1, 0, 1, 7, 202, 202, 0, 0, 0, 0, 0, 0, 3, 0, 3, 1, 0, 1, 6, 0, 6, 14, 6, 28, 19, 64
futures-util, 182, 177, 24988, 24988, 471, 2153, 2473, 137, 2329, 2329, 8, 0, 8, 0, 0, 0, 195, 0, 195, 0, 0, 0, 30, 0, 30, 310, 48, 176, 194, 1973
generic-array, 93, 12, 2334, 2334, 9, 76, 80, 10, 113, 113, 0, 0, 0, 0, 0, 0, 58, 47, 87, 9, 0, 9, 25, 0, 25, 25, 19, 75, 84, 603
getrandom, 127, 25, 1681, 1681, 15, 218, 225, 2, 13, 13, 0, 0, 0, 0, 0, 0, 22, 18, 26, 0, 0, 0, 1, 0, 1, 37, 28, 190, 42, 528
gl_generator, 3, 13, 3229, 3229, 174, 515, 641, 2, 291, 291, 0, 0, 0, 0, 0, 0, 1, 0, 1, 0, 0, 0, 0, 0, 0, 10, 2, 3, 3, 50
gleam, 710, 4, 5420, 5420, 93, 684, 775, 1, 3, 3, 0, 0, 0, 0, 0, 0, 0, 0, 0, 0, 0, 0, 0, 0, 0, 8, 2, 4, 424, 2757
glob, 47, 1, 1423, 1423, 7, 13, 16, 3, 422, 422, 0, 0, 0, 0, 0, 0, 2, 0, 2, 0, 0, 0, 0, 0, 0, 13, 7, 52, 16, 534
glow, 3269, 5, 49138, 49138, 891, 2772, 3222, 10, 287, 287, 0, 0, 0, 0, 0, 0, 36, 0, 36, 0, 0, 0, 0, 0, 0, 2095, 717, 7671, 1490, 18787
glsl, 4, 10, 9850, 9850, 643, 2354, 2717, 4, 242, 242, 143, 888, 915, 0, 0, 0, 13, 0, 13, 0, 0, 0, 0, 0, 0, 185, 1, 1, 4, 25
glslopt, 26, 2, 233, 233, 1, 0, 1, 0, 0, 0, 0, 0, 0, 0, 0, 0, 0, 0, 0, 0, 0, 0, 0, 0, 0, 22, 22, 29, 24, 98
goblin, 4, 42, 19000, 19000, 238, 3637, 3784, 15, 910, 910, 0, 0, 0, 0, 0, 0, 54, 0, 54, 0, 0, 0, 8, 0, 8, 262, 3, 3, 4, 29
gpu-alloc, 80, 11, 2466, 2466, 67, 136, 178, 6, 26, 26, 0, 0, 0, 0, 0, 0, 0, 0, 0, 0, 0, 0, 10, 0, 10, 41, 21, 223, 32, 968
gpu-alloc-types, 0, 3, 216, 216, 2, 44, 44, 0, 0, 0, 0, 0, 0, 0, 0, 0, 0, 0, 0, 0, 0, 0, 0, 0, 0, 0, 0, 0, 0, 0
gpu-descriptor, 13, 2, 631, 631, 18, 37, 42, 3, 20, 20, 0, 0, 0, 0, 0, 0, 0, 0, 0, 0, 0, 0, 0, 0, 0, 6, 3, 15, 6, 259
gpu-descriptor-types, 0, 3, 89, 89, 1, 11, 11, 0, 0, 0, 0, 0, 0, 0, 0, 0, 0, 0, 0, 0, 0, 0, 0, 0, 0, 0, 0, 0, 0, 0
h2, 58, 52, 24641, 24641, 492, 981, 1374, 13, 845, 845, 0, 0, 0, 0, 0, 0, 44, 32, 55, 0, 0, 0, 0, 0, 0, 526, 47, 214, 111, 2260
hashlink, 206, 5, 3402, 3402, 6, 0, 6, 0, 0, 0, 0, 0, 0, 0, 0, 0, 38, 0, 38, 0, 0, 0, 18, 0, 18, 143, 112, 1593, 192, 1044
headers, 34, 77, 9139, 9139, 175, 563, 684, 45, 1625, 1625, 0, 0, 0, 0, 0, 0, 39, 19, 44, 0, 0, 0, 0, 0, 0, 132, 6, 6, 44, 325
headers-core, 0, 1, 67, 67, 0, 0, 0, 0, 0, 0, 0, 0, 0, 0, 0, 0, 0, 0, 0, 0, 0, 0, 0, 0, 0, 1, 0, 0, 0, 0
hermit-abi, 71, 4, 1128, 1128, 0, 0, 0, 0, 0, 0, 0, 0, 0, 0, 0, 0, 0, 0, 0, 0, 0, 0, 0, 0, 0, 76, 71, 71, 71, 267
hexf-parse, 0, 1, 532, 532, 125, 135, 230, 0, 0, 0, 0, 0, 0, 0, 0, 0, 0, 0, 0, 0, 0, 0, 0, 0, 0, 2, 0, 0, 0, 0
http, 43, 21, 13638, 13638, 138, 1806, 1882, 14, 692, 692, 0, 0, 0, 0, 0, 0, 88, 20, 92, 0, 0, 0, 10, 0, 10, 193, 31, 59, 113, 937
http-body, 4, 3, 393, 393, 4, 0, 4, 1, 3, 3, 0, 0, 0, 0, 0, 0, 14, 2, 14, 0, 0, 0, 0, 0, 0, 20, 0, 0, 6, 16
httparse, 123, 7, 3033, 3033, 86, 126, 197, 10, 1203, 1203, 0, 0, 0, 0, 0, 0, 1, 0, 1, 0, 0, 0, 0, 0, 0, 39, 14, 75, 38, 802
httpdate, 1, 2, 578, 578, 5, 0, 5, 1, 96, 96, 0, 0, 0, 0, 0, 0, 1, 0, 1, 0, 0, 0, 0, 0, 0, 2, 0, 0, 1, 2
humantime, 0, 4, 1216, 1216, 11, 9, 18, 4, 391, 391, 0, 0, 0, 0, 0, 0, 4, 0, 4, 0, 0, 0, 0, 0, 0, 11, 0, 0, 0, 0
hyper, 130, 57, 16798, 16800, 420, 1435, 1729, 29, 3266, 3266, 0, 0, 0, 0, 0, 0, 49, 10, 53, 1, 0, 1, 12, 0, 12, 90, 19, 49, 117, 2458
ident_case, 0, 1, 167, 167, 0, 0, 0, 1, 42, 42, 0, 0, 0, 0, 0, 0, 1, 0, 1, 0, 0, 0, 0, 0, 0, 2, 0, 0, 0, 0
idna, 0, 4, 16344, 16344, 5, 25, 27, 1, 18, 18, 0, 0, 0, 0, 0, 0, 2, 0, 2, 0, 0, 0, 0, 0, 0, 18, 0, 0, 0, 0
indexmap, 47, 16, 7089, 7089, 76, 165, 234, 8, 1248, 1248, 0, 0, 0, 0, 0, 0, 89, 0, 89, 0, 0, 0, 1, 0, 1, 159, 69, 125, 127, 579
inherent, 1, 4, 337, 337, 17, 8, 23, 0, 0, 0, 0, 0, 0, 0, 0, 0, 0, 0, 0, 0, 0, 0, 0, 0, 0, 2, 0, 0, 1, 8
instant, 0, 3, 268, 268, 3, 28, 28, 5, 37, 37, 0, 0, 0, 0, 0, 0, 6, 0, 6, 0, 0, 0, 0, 0, 0, 14, 0, 0, 0, 0
ioctl-sys, 2, 5, 398, 398, 6, 185, 185, 10, 84, 84, 0, 0, 0, 0, 0, 0, 0, 0, 0, 0, 0, 0, 0, 0, 0, 6, 2, 2, 2, 7
iovec, 24, 7, 431, 432, 0, 0, 0, 3, 27, 27, 0, 0, 0, 0, 0, 0, 2, 0, 2, 0, 0, 0, 0, 0, 0, 20, 15, 19, 25, 94
itertools, 5, 47, 11409, 11409, 133, 486, 599, 0, 0, 0, 1, 0, 1, 0, 0, 0, 74, 0, 74, 0, 0, 0, 0, 0, 0, 261, 4, 8, 6, 38
itoa, 0, 2, 336, 336, 10, 144, 148, 0, 0, 0, 0, 0, 0, 0, 0, 0, 1, 0, 1, 0, 0, 0, 0, 0, 0, 3, 0, 0, 0, 0
jobserver, 112, 4, 1332, 1332, 8, 3, 10, 3, 7, 7, 0, 0, 0, 0, 0, 0, 0, 0, 0, 0, 0, 0, 2, 0, 2, 35, 22, 176, 38, 546
khronos-egl, 0, 1, 2362, 2362, 3, 767, 768, 6, 1312, 1312, 0, 0, 0, 0, 0, 0, 0, 0, 0, 0, 0, 0, 0, 0, 0, 4, 0, 0, 0, 0
khronos_api, 0, 1, 32, 32, 0, 0, 0, 0, 0, 0, 0, 0, 0, 0, 0, 0, 0, 0, 0, 0, 0, 0, 0, 0, 0, 0, 0, 0, 0, 0
lazy_static, 2, 3, 279, 279, 6, 68, 69, 1, 3, 3, 0, 0, 0, 0, 0, 0, 2, 1, 2, 0, 0, 0, 1, 0, 1, 3, 1, 2, 1, 17
lazycell, 10, 2, 746, 746, 6, 0, 6, 1, 313, 313, 0, 0, 0, 0, 0, 0, 3, 4, 6, 0, 0, 0, 2, 0, 2, 19, 14, 25, 20, 111
libc, 5953, 220, 109520, 109520, 593, 40876, 40880, 1, 3, 3, 0, 0, 0, 0, 0, 0, 16, 1, 16, 0, 0, 0, 2, 0, 2, 5925, 5878, 5946, 5881, 7596
libdbus-sys, 112, 1, 315, 315, 0, 0, 0, 0, 0, 0, 0, 0, 0, 0, 0, 0, 0, 0, 0, 0, 0, 0, 0, 0, 0, 112, 112, 112, 112, 29
libloading, 107, 10, 2135, 2135, 29, 171, 193, 4, 35, 35, 0, 0, 0, 0, 0, 0, 3, 0, 3, 0, 0, 0, 12, 0, 12, 32, 18, 120, 29, 300
libloading, 107, 10, 2135, 2135, 29, 171, 193, 4, 35, 35, 0, 0, 0, 0, 0, 0, 3, 0, 3, 0, 0, 0, 12, 0, 12, 32, 18, 120, 29, 300
libsqlite3-sys, 3, 2, 313, 313, 3, 6, 7, 0, 0, 0, 0, 0, 0, 0, 0, 0, 0, 0, 0, 0, 0, 0, 0, 0, 0, 4, 1, 1, 3, 6
libudev, 80, 8, 956, 956, 25, 20, 39, 0, 0, 0, 0, 0, 0, 0, 0, 0, 4, 0, 4, 0, 0, 0, 0, 0, 0, 53, 45, 120, 58, 377
line-wrap, 0, 2, 630, 630, 34, 53, 81, 1, 1, 1, 0, 0, 0, 0, 0, 0, 0, 0, 0, 0, 0, 0, 0, 0, 0, 6, 0, 0, 0, 0
lmdb-rkv, 54, 7, 2610, 2610, 15, 184, 193, 7, 860, 860, 0, 0, 0, 0, 0, 0, 2, 0, 2, 0, 0, 0, 4, 0, 4, 61, 35, 74, 51, 396
lmdb-rkv-sys, 56, 2, 1414, 1414, 1, 0, 1, 0, 0, 0, 0, 0, 0, 0, 0, 0, 0, 0, 0, 0, 0, 0, 0, 0, 0, 56, 56, 56, 56, 1012
lock_api, 195, 4, 4668, 4668, 21, 0, 21, 3, 29, 29, 0, 0, 0, 0, 0, 0, 24, 27, 41, 14, 0, 14, 30, 0, 30, 181, 150, 185, 193, 1213
mach, 70, 35, 1843, 1843, 1, 1, 1, 4, 87, 87, 0, 0, 0, 0, 0, 0, 5, 0, 5, 0, 0, 0, 0, 0, 0, 87, 69, 71, 69, 272
malloc_buf, 7, 1, 173, 173, 0, 0, 0, 1, 64, 64, 0, 0, 0, 0, 0, 0, 1, 0, 1, 0, 0, 0, 0, 0, 0, 3, 2, 4, 4, 21
marionette, 0, 8, 1573, 1573, 8, 0, 8, 7, 604, 604, 0, 0, 0, 0, 0, 0, 1, 0, 1, 0, 0, 0, 0, 0, 0, 13, 0, 0, 0, 0
memalloc, 3, 1, 156, 156, 0, 0, 0, 1, 75, 75, 0, 0, 0, 0, 0, 0, 0, 0, 0, 0, 0, 0, 0, 0, 0, 4, 2, 3, 2, 18
memchr, 874, 36, 8302, 8302, 186, 409, 564, 59, 1041, 1041, 0, 0, 0, 0, 0, 0, 8, 8, 14, 0, 0, 0, 0, 0, 0, 86, 34, 743, 96, 2248
memmap2, 96, 5, 2929, 2929, 0, 0, 0, 4, 609, 609, 0, 0, 0, 0, 0, 0, 2, 0, 2, 0, 0, 0, 6, 0, 6, 91, 54, 290, 72, 542
memoffset, 0, 4, 854, 854, 21, 456, 456, 2, 296, 296, 0, 0, 0, 0, 0, 0, 0, 0, 0, 0, 0, 0, 0, 0, 0, 1, 0, 0, 0, 0
memoffset, 0, 4, 854, 854, 21, 456, 456, 2, 296, 296, 0, 0, 0, 0, 0, 0, 0, 0, 0, 0, 0, 0, 0, 0, 0, 1, 0, 0, 0, 0
metal, 67, 26, 9677, 9677, 1047, 1074, 1897, 1, 3, 3, 0, 0, 0, 0, 0, 0, 6, 0, 6, 0, 0, 0, 2, 0, 2, 963, 74, 99, 78, 681
midir, 140, 15, 3361, 3363, 33, 27, 55, 7, 34, 34, 0, 0, 0, 0, 0, 0, 5, 1, 5, 0, 0, 0, 10, 0, 10, 132, 57, 168, 96, 1228
mime, 0, 2, 1396, 1396, 25, 204, 221, 2, 159, 159, 0, 0, 0, 0, 0, 0, 3, 0, 3, 0, 0, 0, 0, 0, 0, 9, 0, 0, 0, 0
mime_guess, 5, 4, 2110, 2110, 4, 0, 4, 2, 105, 105, 0, 0, 0, 0, 0, 0, 6, 0, 6, 0, 0, 0, 0, 0, 0, 28, 13, 25, 15, 33
minimal-lexical, 49, 19, 5391, 5391, 64, 121, 179, 10, 120, 120, 0, 0, 0, 0, 0, 0, 60, 42, 85, 0, 0, 0, 0, 0, 0, 110, 26, 128, 32, 408
miniz_oxide, 0, 10, 5899, 5899, 51, 493, 519, 10, 567, 567, 1, 19, 19, 0, 0, 0, 0, 0, 0, 0, 0, 0, 0, 0, 0, 51, 0, 0, 0, 0
mio, 479, 56, 10803, 10803, 175, 1462, 1563, 43, 522, 522, 0, 0, 0, 0, 0, 0, 13, 15, 22, 0, 0, 0, 9, 0, 9, 218, 98, 242, 248, 1903
mio, 479, 56, 10803, 10803, 175, 1462, 1563, 43, 522, 522, 0, 0, 0, 0, 0, 0, 13, 15, 22, 0, 0, 0, 9, 0, 9, 218, 98, 242, 248, 1903
mio-extras, 11, 3, 1212, 1212, 18, 27, 39, 1, 181, 181, 0, 0, 0, 0, 0, 0, 0, 0, 0, 0, 0, 0, 0, 0, 0, 14, 3, 3, 14, 121
miow, 235, 6, 2739, 2739, 18, 18, 32, 3, 593, 593, 0, 0, 0, 0, 0, 0, 0, 0, 0, 0, 0, 0, 6, 0, 6, 57, 29, 91, 61, 669
moz_cbor, 4, 5, 1104, 1104, 92, 274, 348, 3, 12, 12, 0, 0, 0, 0, 0, 0, 0, 0, 0, 0, 0, 0, 0, 0, 0, 3, 2, 7, 11, 109
mozdevice, 69, 4, 1887, 1887, 118, 118, 220, 2, 24, 24, 0, 0, 0, 0, 0, 0, 1, 0, 1, 0, 0, 0, 0, 0, 0, 32, 29, 326, 40, 970
murmurhash3, 2, 4, 368, 368, 1, 0, 1, 3, 157, 157, 0, 0, 0, 0, 0, 0, 1, 0, 1, 0, 0, 0, 0, 0, 0, 4, 2, 2, 5, 123
net2, 116, 13, 2618, 2618, 34, 59, 77, 30, 216, 222, 0, 0, 0, 0, 0, 0, 13, 0, 13, 0, 0, 0, 0, 0, 0, 56, 39, 92, 217, 552
nix, 541, 58, 31297, 31297, 365, 12946, 13007, 105, 3842, 3842, 1, 0, 1, 0, 0, 0, 58, 109, 146, 0, 0, 0, 6, 0, 6, 381, 241, 1202, 376, 3069
nom, 94, 28, 16767, 16767, 400, 980, 1241, 43, 2808, 2808, 114, 109, 212, 0, 0, 0, 26, 14, 34, 0, 0, 0, 0, 0, 0, 264, 96, 242, 106, 547
nom, 94, 28, 16767, 16767, 400, 980, 1241, 43, 2808, 2808, 114, 109, 212, 0, 0, 0, 26, 14, 34, 0, 0, 0, 0, 0, 0, 264, 96, 242, 106, 547
ntapi, 25, 36, 20830, 20831, 1254, 16873, 16875, 3, 32, 32, 0, 0, 0, 0, 0, 0, 0, 0, 0, 0, 0, 0, 0, 0, 0, 71, 12, 25, 12, 80
num_cpus, 16, 2, 1052, 1052, 26, 20, 43, 14, 567, 567, 0, 0, 0, 0, 0, 0, 0, 0, 0, 0, 0, 0, 0, 0, 0, 4, 4, 26, 10, 139
num_threads, 12, 5, 161, 161, 0, 0, 0, 1, 42, 42, 0, 0, 0, 0, 0, 0, 0, 0, 0, 0, 0, 0, 0, 0, 0, 2, 2, 4, 5, 59
objc, 186, 18, 2484, 2484, 97, 273, 346, 15, 344, 344, 0, 0, 0, 0, 0, 0, 6, 4, 6, 2, 0, 2, 7, 0, 7, 133, 123, 370, 143, 646
objc_exception, 0, 0, 0, 0, 0, 0, 0, 0, 0, 0, 0, 0, 0, 0, 0, 0, 0, 0, 0, 0, 0, 0, 0, 0, 0, 0, 0, 0, 0, 0
object, 36, 71, 42754, 42754, 404, 559, 895, 11, 678, 678, 0, 0, 0, 0, 0, 0, 339, 24, 349, 1, 0, 1, 0, 0, 0, 781, 251, 1102, 396, 6857
once_cell, 53, 5, 2473, 2473, 22, 0, 22, 3, 129, 129, 0, 0, 0, 0, 0, 0, 2, 0, 2, 0, 0, 0, 9, 0, 9, 54, 35, 131, 62, 409
ordered-float, 3, 1, 2315, 2315, 61, 282, 337, 12, 889, 889, 0, 0, 0, 0, 0, 0, 17, 0, 17, 0, 0, 0, 0, 0, 0, 6, 1, 1, 3, 9
os_str_bytes, 35, 15, 3075, 3075, 85, 345, 397, 6, 26, 26, 0, 0, 0, 0, 0, 0, 10, 1, 10, 1, 0, 1, 2, 0, 2, 38, 14, 22, 55, 284
oslog, 21, 3, 397, 397, 3, 0, 3, 3, 173, 173, 0, 0, 0, 0, 0, 0, 0, 0, 0, 0, 0, 0, 2, 0, 2, 23, 20, 30, 22, 58
owning_ref, 9, 1, 2015, 2015, 3, 6, 7, 1, 785, 785, 0, 0, 0, 0, 0, 0, 11, 3, 11, 1, 0, 1, 11, 0, 11, 29, 2, 6, 9, 16
packed_simd_2, 16, 142, 15804, 15805, 767, 12941, 13340, 5, 56, 56, 0, 0, 0, 0, 0, 0, 16, 8, 16, 0, 0, 0, 0, 0, 0, 15, 13, 22, 13, 56
parking_lot, 50, 13, 4993, 4993, 17, 34, 45, 10, 2041, 2041, 2, 0, 2, 0, 0, 0, 15, 4, 17, 0, 0, 0, 17, 0, 17, 22, 10, 66, 85, 1288
parking_lot_core, 311, 16, 3559, 3559, 59, 59, 114, 5, 299, 299, 0, 0, 0, 0, 0, 0, 17, 0, 17, 0, 0, 0, 0, 0, 0, 52, 24, 376, 90, 1497
paste, 4, 4, 894, 894, 4, 18, 21, 0, 0, 0, 0, 0, 0, 0, 0, 0, 0, 0, 0, 0, 0, 0, 0, 0, 0, 7, 2, 6, 8, 537
peeking_take_while, 0, 1, 218, 218, 0, 0, 0, 1, 51, 51, 0, 0, 0, 0, 0, 0, 1, 0, 1, 0, 0, 0, 0, 0, 0, 0, 0, 0, 0, 0
percent-encoding, 2, 1, 459, 459, 2, 14, 14, 6, 89, 89, 0, 0, 0, 0, 0, 0, 2, 0, 2, 0, 0, 0, 0, 0, 0, 7, 0, 0, 1, 23
phf, 0, 5, 1094, 1094, 0, 0, 0, 0, 0, 0, 0, 0, 0, 0, 0, 0, 18, 0, 18, 0, 0, 0, 0, 0, 0, 39, 0, 0, 0, 0
phf_codegen, 0, 1, 491, 491, 20, 68, 75, 0, 0, 0, 0, 0, 0, 0, 0, 0, 0, 0, 0, 0, 0, 0, 0, 0, 0, 16, 0, 0, 0, 0
phf_generator, 0, 2, 127, 127, 5, 0, 5, 0, 0, 0, 0, 0, 0, 0, 0, 0, 0, 0, 0, 0, 0, 0, 0, 0, 0, 2, 0, 0, 0, 0
phf_macros, 0, 1, 319, 319, 20, 15, 32, 0, 0, 0, 0, 0, 0, 0, 0, 0, 0, 0, 0, 0, 0, 0, 0, 0, 0, 4, 0, 0, 0, 0
phf_shared, 0, 1, 406, 406, 44, 77, 115, 0, 0, 0, 0, 0, 0, 0, 0, 0, 0, 0, 0, 0, 0, 0, 0, 0, 0, 4, 0, 0, 0, 0
pin-project, 3, 1, 314, 314, 0, 0, 0, 0, 0, 0, 0, 0, 0, 0, 0, 0, 0, 0, 0, 1, 0, 1, 1, 0, 1, 2, 0, 0, 2, 12
pin-project-internal, 6, 7, 2668, 2668, 151, 361, 453, 0, 0, 0, 2, 13, 13, 0, 0, 0, 0, 0, 0, 0, 0, 0, 0, 0, 0, 3, 2, 5, 9, 123
pin-project-lite, 3, 1, 1558, 1558, 24, 1336, 1336, 0, 0, 0, 0, 0, 0, 0, 0, 0, 0, 0, 0, 0, 0, 0, 0, 0, 0, 2, 0, 0, 2, 8
pin-utils, 0, 3, 139, 139, 3, 121, 121, 0, 0, 0, 0, 0, 0, 0, 0, 0, 0, 0, 0, 0, 0, 0, 0, 0, 0, 0, 0, 0, 0, 0
pkg-config, 45, 1, 971, 971, 47, 23, 66, 1, 99, 99, 0, 0, 0, 0, 0, 0, 0, 0, 0, 0, 0, 0, 0, 0, 0, 18, 9, 221, 19, 407
plain, 7, 5, 572, 572, 32, 0, 32, 1, 1, 1, 0, 0, 0, 0, 0, 0, 0, 0, 0, 1, 0, 1, 13, 0, 13, 17, 12, 14, 14, 52
plane-split, 0, 4, 1218, 1218, 15, 4, 18, 0, 0, 0, 0, 0, 0, 0, 0, 0, 0, 0, 0, 0, 0, 0, 0, 0, 0, 45, 0, 0, 0, 0
plist, 68, 16, 6950, 6950, 103, 144, 219, 12, 485, 485, 0, 0, 0, 0, 0, 0, 67, 1, 67, 0, 0, 0, 0, 0, 0, 96, 16, 94, 139, 1504
ppv-lite86, 253, 6, 3789, 3789, 203, 738, 899, 3, 262, 262, 0, 0, 0, 0, 0, 0, 47, 0, 47, 0, 0, 0, 0, 0, 0, 14, 3, 58, 110, 400
proc-macro-error, 3, 7, 1439, 1439, 24, 290, 300, 2, 61, 61, 0, 0, 0, 0, 0, 0, 4, 0, 4, 0, 0, 0, 0, 0, 0, 23, 1, 2, 3, 46
proc-macro-error-attr, 0, 3, 279, 279, 8, 32, 37, 1, 5, 5, 0, 0, 0, 0, 0, 0, 0, 0, 0, 0, 0, 0, 0, 0, 0, 1, 0, 0, 0, 0
proc-macro-hack, 11, 5, 1043, 1043, 45, 257, 286, 0, 0, 0, 0, 0, 0, 0, 0, 0, 1, 0, 1, 0, 0, 0, 0, 0, 0, 7, 3, 23, 16, 212
profiling, 0, 8, 340, 340, 21, 205, 205, 6, 6, 6, 0, 0, 0, 0, 0, 0, 0, 0, 0, 0, 0, 0, 0, 0, 0, 2, 0, 0, 0, 0
prost, 15, 5, 2637, 2637, 31, 545, 558, 7, 464, 464, 0, 0, 0, 0, 0, 0, 1, 0, 1, 0, 0, 0, 0, 0, 0, 41, 17, 161, 34, 365
prost-derive, 7, 7, 2439, 2439, 253, 473, 652, 0, 0, 0, 0, 0, 0, 0, 0, 0, 0, 0, 0, 0, 0, 0, 0, 0, 0, 61, 14, 41, 20, 952
qlog, 5, 8, 3364, 3364, 11, 0, 11, 3, 411, 411, 0, 0, 0, 0, 0, 0, 0, 0, 0, 0, 0, 0, 0, 0, 0, 24, 7, 13, 7, 87
quick-error, 0, 1, 1335, 1335, 1, 652, 652, 1, 363, 363, 0, 0, 0, 0, 0, 0, 0, 0, 0, 0, 0, 0, 0, 0, 0, 0, 0, 0, 0, 0
rand, 16, 26, 8366, 8366, 152, 1018, 1104, 24, 2431, 2431, 0, 0, 0, 0, 0, 0, 24, 3, 24, 0, 0, 0, 0, 0, 0, 40, 17, 49, 65, 607
rand_chacha, 0, 3, 910, 910, 13, 354, 359, 1, 285, 285, 0, 0, 0, 0, 0, 0, 0, 0, 0, 0, 0, 0, 0, 0, 0, 7, 0, 0, 0, 0
rand_core, 5, 6, 1591, 1591, 20, 0, 20, 11, 215, 215, 0, 0, 0, 0, 0, 0, 10, 60, 65, 0, 0, 0, 0, 0, 0, 24, 8, 15, 35, 152
range-alloc, 0, 1, 328, 328, 5, 3, 7, 1, 143, 143, 0, 0, 0, 0, 0, 0, 0, 0, 0, 0, 0, 0, 0, 0, 0, 9, 0, 0, 0, 0
redox_syscall, 269, 23, 3804, 3804, 109, 378, 455, 9, 20, 20, 0, 0, 0, 0, 0, 0, 27, 0, 27, 0, 0, 0, 0, 0, 0, 213, 92, 305, 134, 814
regex, 19, 23, 13070, 13070, 142, 954, 1077, 13, 461, 461, 2, 0, 2, 0, 0, 0, 35, 1, 35, 0, 0, 0, 2, 0, 2, 194, 41, 384, 125, 2398
regex-syntax, 3, 33, 55817, 55817, 211, 75, 267, 47, 8804, 8804, 0, 0, 0, 0, 0, 0, 22, 4, 22, 0, 0, 0, 0, 0, 0, 291, 16, 24, 43, 910
remove_dir_all, 40, 7, 691, 691, 12, 24, 25, 2, 136, 136, 0, 0, 0, 0, 0, 0, 3, 0, 3, 0, 0, 0, 0, 0, 0, 4, 4, 65, 21, 224
renderdoc-sys, 0, 2, 705, 705, 47, 331, 337, 0, 0, 0, 0, 0, 0, 0, 0, 0, 0, 0, 0, 0, 0, 0, 0, 0, 0, 0, 0, 0, 0, 0
replace_with, 17, 1, 595, 595, 0, 0, 0, 3, 118, 118, 1, 0, 1, 0, 0, 0, 0, 0, 0, 0, 0, 0, 0, 0, 0, 10, 9, 39, 9, 33
ringbuf, 172, 31, 3684, 3684, 374, 30, 396, 1, 1, 1, 0, 0, 0, 0, 0, 0, 11, 3, 13, 1, 0, 1, 4, 0, 4, 107, 90, 702, 135, 811
rkv, 103, 44, 6339, 6339, 88, 163, 241, 15, 1585, 1585, 0, 0, 0, 0, 0, 0, 67, 0, 67, 0, 0, 0, 0, 0, 0, 66, 27, 249, 72, 933
ron, 83, 14, 5318, 5318, 182, 142, 302, 7, 238, 238, 0, 0, 0, 0, 0, 0, 37, 0, 37, 0, 0, 0, 0, 0, 0, 87, 36, 153, 150, 1502
runloop, 0, 0, 0, 0, 0, 0, 0, 0, 0, 0, 0, 0, 0, 0, 0, 0, 0, 0, 0, 0, 0, 0, 0, 0, 0, 0, 0, 0, 0, 0
rusqlite, 545, 44, 17914, 17914, 207, 503, 643, 46, 4652, 4652, 8, 0, 8, 0, 0, 0, 34, 5, 36, 2, 0, 2, 15, 0, 15, 315, 218, 1900, 388, 3891
rust-ini, 22, 1, 2016, 2016, 33, 101, 130, 3, 749, 749, 0, 0, 0, 0, 0, 0, 9, 0, 9, 0, 0, 0, 0, 0, 0, 61, 16, 44, 18, 126
rust_cascade, 3, 1, 1128, 1128, 22, 8, 28, 1, 371, 371, 0, 0, 0, 0, 0, 0, 1, 0, 1, 0, 0, 0, 0, 0, 0, 15, 2, 5, 2, 96
rust_decimal, 1, 25, 10424, 10424, 86, 179, 250, 28, 1738, 1738, 0, 0, 0, 0, 0, 0, 38, 186, 209, 0, 0, 0, 0, 0, 0, 82, 0, 0, 1, 21
ryu, 186, 16, 2569, 2569, 35, 0, 35, 5, 23, 23, 0, 0, 0, 0, 0, 0, 0, 0, 0, 0, 0, 0, 0, 0, 0, 33, 17, 620, 20, 1102
safemem, 9, 1, 142, 142, 6, 15, 19, 1, 43, 43, 0, 0, 0, 0, 0, 0, 0, 0, 0, 0, 0, 0, 0, 0, 0, 3, 3, 9, 3, 51
same-file, 21, 4, 904, 904, 4, 1, 4, 5, 208, 208, 0, 0, 0, 0, 0, 0, 0, 0, 0, 0, 0, 0, 0, 0, 0, 32, 17, 58, 22, 73
scoped-tls, 1, 1, 256, 256, 2, 16, 16, 1, 86, 86, 0, 0, 0, 0, 0, 0, 0, 0, 0, 0, 0, 0, 1, 0, 1, 3, 1, 1, 1, 17
scopeguard, 4, 1, 577, 577, 4, 33, 34, 1, 102, 102, 0, 0, 0, 0, 0, 0, 1, 0, 1, 0, 0, 0, 1, 0, 1, 5, 1, 2, 2, 22
scroll, 6, 9, 2530, 2530, 51, 257, 298, 3, 477, 477, 0, 0, 0, 0, 0, 0, 13, 0, 13, 0, 0, 0, 0, 0, 0, 24, 14, 17, 30, 201
scroll_derive, 0, 1, 537, 537, 79, 116, 174, 0, 0, 0, 0, 0, 0, 0, 0, 0, 0, 0, 0, 0, 0, 0, 0, 0, 0, 5, 0, 0, 0, 0
self_cell, 23, 2, 887, 887, 7, 490, 492, 1, 7, 7, 0, 0, 0, 0, 0, 0, 0, 0, 0, 0, 0, 0, 2, 0, 2, 9, 6, 19, 8, 94
semver, 42, 9, 2047, 2047, 23, 19, 38, 10, 25, 25, 0, 0, 0, 0, 0, 0, 14, 20, 31, 0, 0, 0, 2, 0, 2, 12, 7, 92, 36, 574
serde, 21, 20, 15672, 15672, 364, 2299, 2506, 13, 110, 110, 0, 0, 0, 0, 0, 0, 235, 70, 269, 0, 0, 0, 0, 0, 0, 85, 23, 154, 207, 1657
serde_bytes, 5, 5, 898, 898, 0, 0, 0, 0, 0, 0, 0, 0, 0, 0, 0, 0, 16, 0, 16, 0, 0, 0, 0, 0, 0, 10, 1, 3, 9, 19
serde_derive, 31, 18, 8492, 8492, 451, 1506, 1747, 2, 13, 13, 0, 0, 0, 0, 0, 0, 0, 0, 0, 0, 0, 0, 0, 0, 0, 82, 11, 133, 44, 2463
serde_json, 91, 38, 17073, 17073, 435, 890, 1227, 37, 265, 265, 0, 0, 0, 0, 0, 0, 221, 47, 248, 0, 0, 0, 0, 0, 0, 182, 39, 50, 156, 1425
serde_repr, 2, 2, 253, 253, 10, 45, 48, 0, 0, 0, 0, 0, 0, 0, 0, 0, 0, 0, 0, 0, 0, 0, 0, 0, 0, 2, 0, 0, 3, 85
serde_urlencoded, 2, 7, 1527, 1527, 8, 66, 70, 0, 0, 0, 0, 0, 0, 0, 0, 0, 54, 2, 54, 0, 0, 0, 0, 0, 0, 10, 1, 1, 2, 14
serde_with, 8, 28, 15029, 15029, 215, 2314, 2372, 1, 3, 3, 0, 0, 0, 0, 0, 0, 172, 0, 172, 0, 0, 0, 0, 0, 0, 20, 2, 3, 49, 313
serde_with_macros, 2, 3, 1668, 1668, 32, 64, 91, 1, 51, 51, 0, 0, 0, 0, 0, 0, 0, 0, 0, 0, 0, 0, 0, 0, 0, 7, 1, 1, 2, 24
serde_yaml, 106, 24, 11258, 11258, 110, 150, 239, 0, 0, 0, 0, 0, 0, 0, 0, 0, 183, 1, 183, 0, 0, 0, 2, 0, 2, 111, 20, 280, 156, 1532
sfv, 1, 7, 2960, 2960, 270, 408, 544, 3, 67, 67, 0, 0, 0, 0, 0, 0, 0, 0, 0, 0, 0, 0, 0, 0, 0, 27, 3, 3, 16, 219
sha-1, 26, 5, 576, 576, 63, 67, 120, 1, 4, 4, 0, 0, 0, 0, 0, 0, 3, 0, 3, 0, 0, 0, 0, 0, 0, 5, 1, 1, 2, 74
sha2, 81, 10, 1338, 1338, 143, 264, 380, 0, 0, 0, 0, 0, 0, 0, 0, 0, 8, 0, 8, 0, 0, 0, 0, 0, 0, 10, 4, 4, 16, 233
shlex, 3, 1, 243, 243, 10, 0, 10, 0, 0, 0, 0, 0, 0, 0, 0, 0, 1, 0, 1, 0, 0, 0, 0, 0, 0, 4, 2, 2, 5, 77
siphasher, 9, 5, 1631, 1631, 73, 92, 160, 2, 2, 2, 0, 0, 0, 0, 0, 0, 0, 0, 0, 0, 0, 0, 0, 0, 0, 34, 1, 3, 11, 131
slab, 6, 3, 1693, 1693, 21, 0, 21, 1, 13, 13, 0, 0, 0, 0, 0, 0, 12, 0, 12, 0, 0, 0, 0, 0, 0, 29, 3, 6, 3, 21
smallbitvec, 47, 2, 1438, 1438, 123, 46, 167, 2, 5, 5, 0, 0, 0, 0, 0, 0, 8, 0, 8, 0, 0, 0, 0, 0, 0, 26, 21, 135, 45, 451
smallvec, 111, 4, 3139, 3139, 206, 171, 363, 5, 69, 69, 0, 0, 0, 0, 0, 0, 15, 1, 15, 1, 0, 1, 7, 0, 7, 56, 42, 475, 82, 695
socket2, 536, 6, 7083, 7083, 108, 493, 548, 19, 463, 463, 0, 0, 0, 0, 0, 0, 22, 61, 64, 0, 0, 0, 4, 0, 4, 187, 164, 961, 254, 1801
spirv, 0, 2, 4342, 4342, 11, 0, 11, 0, 0, 0, 0, 0, 0, 0, 0, 0, 89, 10, 89, 0, 0, 0, 0, 0, 0, 0, 0, 0, 0, 0
stable_deref_trait, 0, 1, 180, 180, 0, 0, 0, 0, 0, 0, 0, 0, 0, 0, 0, 0, 0, 0, 0, 2, 0, 2, 18, 0, 18, 0, 0, 0, 0, 0
static_assertions, 0, 10, 1122, 1122, 19, 1006, 1006, 0, 0, 0, 0, 0, 0, 0, 0, 0, 0, 0, 0, 0, 0, 0, 0, 0, 0, 0, 0, 0, 0, 0
strsim, 0, 1, 1004, 1004, 2, 0, 2, 1, 524, 524, 0, 0, 0, 0, 0, 0, 2, 0, 2, 0, 0, 0, 0, 0, 0, 14, 0, 0, 0, 0
syn, 0, 0, 0, 0, 0, 0, 0, 0, 0, 0, 0, 0, 0, 0, 0, 0, 0, 0, 0, 0, 0, 0, 0, 0, 0, 0, 0, 0, 0, 0
tap, 0, 4, 1051, 1051, 15, 0, 15, 0, 0, 0, 0, 0, 0, 0, 0, 0, 6, 3, 6, 0, 0, 0, 0, 0, 0, 34, 0, 0, 0, 0
tempfile, 139, 10, 2646, 2646, 8, 19, 24, 4, 22, 22, 0, 0, 0, 0, 0, 0, 1, 0, 1, 0, 0, 0, 0, 0, 0, 61, 38, 549, 64, 449
termcolor, 33, 1, 2349, 2349, 40, 90, 122, 41, 531, 531, 0, 0, 0, 0, 0, 0, 2, 0, 2, 0, 0, 0, 0, 0, 0, 49, 9, 54, 63, 345
terminal_size, 24, 3, 197, 197, 9, 0, 9, 2, 2, 2, 0, 0, 0, 0, 0, 0, 0, 0, 0, 0, 0, 0, 0, 0, 0, 4, 4, 4, 5, 133
textwrap, 0, 9, 4579, 4579, 4, 0, 4, 13, 1428, 1428, 0, 0, 0, 0, 0, 0, 2, 0, 2, 0, 0, 0, 0, 0, 0, 36, 0, 0, 0, 0
thiserror, 2, 4, 342, 342, 0, 0, 0, 1, 1, 1, 0, 0, 0, 0, 0, 0, 0, 0, 0, 0, 0, 0, 0, 0, 0, 0, 0, 0, 3, 4
thiserror-impl, 10, 8, 1585, 1585, 112, 176, 245, 0, 0, 0, 0, 0, 0, 0, 0, 0, 0, 0, 0, 0, 0, 0, 0, 0, 0, 11, 5, 34, 14, 373
threadbound, 0, 1, 142, 142, 0, 0, 0, 0, 0, 0, 0, 0, 0, 0, 0, 0, 0, 0, 0, 0, 0, 0, 2, 0, 2, 4, 0, 0, 0, 0
time, 42, 68, 17175, 17175, 426, 1274, 1612, 11, 193, 193, 52, 248, 286, 0, 0, 0, 165, 234, 353, 0, 0, 0, 0, 0, 0, 338, 55, 237, 134, 1810
time, 42, 68, 17175, 17175, 426, 1274, 1612, 11, 193, 193, 52, 248, 286, 0, 0, 0, 165, 234, 353, 0, 0, 0, 0, 0, 0, 338, 55, 237, 134, 1810
time-macros, 7, 19, 3059, 3059, 115, 1001, 1042, 12, 203, 203, 0, 0, 0, 0, 0, 0, 2, 0, 2, 0, 0, 0, 0, 0, 0, 0, 0, 0, 8, 129
tokio, 2004, 299, 80340, 80341, 1240, 13429, 14249, 255, 3399, 3399, 2, 0, 2, 0, 0, 0, 135, 39, 159, 2, 0, 2, 111, 0, 111, 795, 459, 3985, 1308, 12104
tokio-macros, 6, 3, 1086, 1086, 32, 57, 74, 0, 0, 0, 0, 0, 0, 0, 0, 0, 0, 0, 0, 0, 0, 0, 0, 0, 0, 8, 5, 17, 9, 174
tokio-stream, 10, 42, 4545, 4545, 60, 354, 374, 4, 150, 150, 0, 0, 0, 0, 0, 0, 45, 3, 47, 0, 0, 0, 4, 0, 4, 68, 0, 0, 9, 52
tokio-util, 73, 46, 10167, 10169, 199, 411, 572, 9, 254, 254, 0, 0, 0, 0, 0, 0, 53, 27, 72, 0, 0, 0, 1, 0, 1, 194, 19, 65, 93, 1022
toml, 40, 9, 4202, 4202, 27, 422, 441, 3, 87, 87, 0, 0, 0, 0, 0, 0, 98, 0, 98, 0, 0, 0, 0, 0, 0, 62, 0, 0, 92, 439
tower-service, 0, 1, 388, 388, 0, 0, 0, 0, 0, 0, 0, 0, 0, 0, 0, 0, 9, 3, 9, 0, 0, 0, 0, 0, 0, 0, 0, 0, 0, 0
tracing, 5, 9, 6132, 6132, 42, 2554, 2560, 3, 66, 66, 0, 0, 0, 0, 0, 0, 3, 0, 3, 0, 0, 0, 1, 0, 1, 48, 2, 2, 5, 10
tracing-attributes, 22, 3, 1973, 1973, 66, 162, 203, 0, 0, 0, 1, 102, 102, 0, 0, 0, 1, 27, 27, 0, 0, 0, 0, 0, 0, 1, 0, 0, 7, 226
tracing-core, 20, 14, 6074, 6074, 45, 231, 263, 33, 683, 683, 0, 0, 0, 0, 0, 0, 38, 42, 65, 0, 0, 0, 5, 0, 5, 133, 21, 47, 33, 311
triple_buffer, 9, 1, 959, 959, 0, 0, 0, 1, 465, 465, 0, 0, 0, 0, 0, 0, 0, 0, 0, 0, 0, 0, 1, 0, 1, 11, 4, 4, 8, 66
try-lock, 5, 1, 274, 274, 3, 0, 3, 1, 14, 14, 0, 0, 0, 0, 0, 0, 1, 0, 1, 0, 0, 0, 2, 0, 2, 6, 3, 3, 6, 47
type-map, 1, 1, 400, 400, 7, 0, 7, 0, 0, 0, 0, 0, 0, 0, 0, 0, 0, 0, 0, 0, 0, 0, 0, 0, 0, 38, 0, 0, 1, 28
typenum, 0, 9, 6414, 6414, 65, 346, 400, 7, 367, 367, 0, 0, 0, 0, 0, 0, 455, 81, 482, 0, 0, 0, 0, 0, 0, 7, 0, 0, 0, 0
unicase, 3, 4, 2841, 2841, 17, 31, 45, 13, 287, 287, 0, 0, 0, 0, 0, 0, 5, 0, 5, 0, 0, 0, 0, 0, 0, 11, 0, 0, 2, 22
unicode-bidi, 9, 10, 3658, 3658, 23, 21, 38, 16, 949, 949, 0, 0, 0, 0, 0, 0, 0, 0, 0, 0, 0, 0, 0, 0, 0, 41, 5, 21, 7, 619
unicode-ident, 2, 2, 908, 908, 0, 0, 0, 0, 0, 0, 0, 0, 0, 0, 0, 0, 0, 0, 0, 0, 0, 0, 0, 0, 0, 2, 2, 2, 2, 14
unicode-normalization, 26, 13, 39263, 39263, 50, 28, 72, 4, 97, 97, 0, 0, 0, 0, 0, 0, 4, 0, 4, 0, 0, 0, 0, 0, 0, 31, 19, 131, 33, 447
unicode-segmentation, 3, 7, 10682, 10682, 34, 94, 112, 2, 2, 2, 0, 0, 0, 0, 0, 0, 10, 0, 10, 0, 0, 0, 0, 0, 0, 29, 2, 3, 6, 22
unicode-width, 0, 3, 827, 827, 36, 0, 36, 9, 81, 81, 0, 0, 0, 0, 0, 0, 0, 0, 0, 0, 0, 0, 0, 0, 0, 1, 0, 0, 0, 0
unicode-xid, 0, 3, 1646, 1646, 4, 0, 4, 5, 29, 29, 0, 0, 0, 0, 0, 0, 0, 0, 0, 0, 0, 0, 0, 0, 0, 2, 0, 0, 0, 0
unix_path, 26, 2, 3115, 3115, 22, 48, 63, 1, 729, 729, 0, 0, 0, 0, 0, 0, 13, 0, 13, 0, 0, 0, 0, 0, 0, 45, 15, 33, 52, 409
unix_str, 21, 5, 1942, 1942, 17, 48, 58, 2, 190, 190, 0, 0, 0, 0, 0, 0, 5, 0, 5, 0, 0, 0, 0, 0, 0, 64, 16, 20, 34, 198
url, 23, 7, 5822, 5822, 137, 180, 299, 2, 12, 12, 0, 0, 0, 0, 0, 0, 9, 0, 9, 0, 0, 0, 0, 0, 0, 108, 28, 50, 36, 674
uuid, 13, 21, 5974, 5974, 21, 191, 205, 34, 1840, 1840, 0, 0, 0, 0, 0, 0, 16, 29, 36, 0, 0, 0, 0, 0, 0, 96, 10, 23, 21, 161
version_check, 9, 4, 1201, 1201, 4, 0, 4, 3, 304, 304, 0, 0, 0, 0, 0, 0, 0, 0, 0, 0, 0, 0, 0, 0, 0, 29, 12, 64, 13, 94
walkdir, 54, 7, 3072, 3072, 253, 173, 404, 14, 117, 117, 0, 0, 0, 0, 0, 0, 5, 0, 5, 0, 0, 0, 0, 0, 0, 44, 8, 18, 31, 455
want, 0, 1, 584, 584, 7, 3, 9, 1, 168, 168, 0, 0, 0, 0, 0, 0, 1, 0, 1, 0, 0, 0, 0, 0, 0, 11, 0, 0, 0, 0
warp, 84, 46, 10830, 10830, 196, 520, 674, 7, 274, 274, 2, 0, 2, 0, 0, 0, 141, 40, 170, 0, 0, 0, 0, 0, 0, 203, 26, 57, 85, 788
wasi, 294, 2, 2407, 2407, 1, 0, 1, 0, 0, 0, 0, 0, 0, 0, 0, 0, 0, 0, 0, 0, 0, 0, 0, 0, 0, 116, 108, 340, 116, 1057
webrtc-sdp, 12, 14, 7957, 7957, 701, 686, 1251, 8, 61, 61, 0, 0, 0, 0, 0, 0, 5, 0, 5, 0, 0, 0, 0, 0, 0, 72, 1, 1, 15, 589
winapi, 6529, 404, 176901, 176903, 11713, 75328, 75610, 4, 27, 27, 0, 0, 0, 0, 0, 0, 39, 0, 39, 0, 0, 0, 0, 0, 0, 6931, 6485, 6525, 6487, 28431
winapi-i686-pc-windows-gnu, 0, 1, 0, 1, 0, 0, 0, 0, 0, 0, 0, 0, 0, 0, 0, 0, 0, 0, 0, 0, 0, 0, 0, 0, 0, 0, 0, 0, 0, 0
winapi-util, 65, 4, 844, 844, 0, 0, 0, 3, 5, 5, 0, 0, 0, 0, 0, 0, 0, 0, 0, 0, 0, 0, 0, 0, 0, 44, 13, 47, 16, 73
winapi-x86_64-pc-windows-gnu, 0, 1, 0, 1, 0, 0, 0, 0, 0, 0, 0, 0, 0, 0, 0, 0, 0, 0, 0, 0, 0, 0, 0, 0, 0, 0, 0, 0, 0, 0
winreg, 102, 12, 2556, 2556, 104, 108, 200, 0, 0, 0, 0, 0, 0, 0, 0, 0, 37, 0, 37, 0, 0, 0, 1, 0, 1, 36, 17, 60, 26, 397
wio, 128, 12, 597, 598, 8, 0, 8, 0, 0, 0, 0, 0, 0, 0, 0, 0, 2, 0, 2, 0, 0, 0, 0, 0, 0, 45, 39, 102, 50, 272
wyz, 8, 5, 1061, 1061, 3, 131, 131, 3, 135, 135, 0, 0, 0, 0, 0, 0, 2, 0, 2, 0, 0, 0, 0, 0, 0, 11, 2, 16, 2, 22
xml-rs, 36, 28, 5151, 5151, 126, 147, 254, 6, 504, 504, 0, 0, 0, 0, 0, 0, 9, 0, 9, 0, 0, 0, 0, 0, 0, 115, 17, 83, 31, 671
yaml-rust, 1, 5, 4527, 4527, 51, 33, 80, 5, 1197, 1197, 0, 0, 0, 0, 0, 0, 6, 0, 6, 0, 0, 0, 0, 0, 0, 28, 0, 0, 1, 4
zeitstempel, 3, 5, 214, 214, 1, 14, 14, 1, 14, 14, 0, 0, 0, 0, 0, 0, 0, 0, 0, 0, 0, 0, 0, 0, 0, 5, 4, 4, 4, 21
zip, 114, 12, 4897, 4897, 31, 20, 46, 11, 787, 787, 0, 0, 0, 0, 0, 0, 39, 30, 57, 0, 0, 0, 0, 0, 0, 96, 32, 417, 61, 1509
