crate, fn_decl, callee, effect, dir, file, line, col
rand, rand::distributions::other::Standard::sample, core::char::from_u32_unchecked, [UnsafeCall], data/packages/rand/src/distributions, other.rs, 91, 17
rand, rand::distributions::other::Alphanumeric::append_string, alloc::string::String::as_mut_vec, [UnsafeCall], data/packages/rand/src/distributions, other.rs, 131, 27
rand, rand::distributions::other::Standard::sample, core::mem::maybe_uninit::MaybeUninit::assume_init, [UnsafeCall], data/packages/rand/src/distributions, other.rs, 199, 75
rand, rand::distributions::other::Standard::sample, core::mem::transmute_copy, [UnsafeCall], data/packages/rand/src/distributions, other.rs, 205, 17
rand, rand::distributions::slice::Slice::sample, core::slice::get_unchecked, [UnsafeCall], data/packages/rand/src/distributions, slice.rs, 98, 28
rand, rand::distributions::uniform::UniformChar::sample, core::char::from_u32_unchecked, [UnsafeCall], data/packages/rand/src/distributions, uniform.rs, 786, 17
rand, rand::rngs::adapter::read::ReadRng::try_fill_bytes, std::io::Read::read_exact, std::io, data/packages/rand/src/rngs/adapter, read.rs, 74, 13
rand, rand::rngs::adapter::reseeding::fork::register_fork_handler, rand::rngs::adapter::reseeding::fork::fork_handler, [FnPtrCreation], data/packages/rand/src/rngs/adapter, reseeding.rs, 322, 21
rand, rand::rngs::adapter::reseeding::fork::register_fork_handler, rand::rngs::adapter::reseeding::fork::fork_handler, [FnPtrCreation], data/packages/rand/src/rngs/adapter, reseeding.rs, 323, 21
rand, rand::rngs::adapter::reseeding::fork::register_fork_handler, rand::rngs::adapter::reseeding::fork::fork_handler, [FnPtrCreation], data/packages/rand/src/rngs/adapter, reseeding.rs, 324, 21
rand, rand::rngs::adapter::reseeding::fork::register_fork_handler, libc::unix::linux_like::linux::pthread_atfork, [FFI], data/packages/rand/src/rngs/adapter, reseeding.rs, 321, 31
rand, rand::rngs::adapter::reseeding::fork::register_fork_handler, CLOSURE::data::packages::rand::src::rngs::adapter::reseeding::319::27, [ClosureCreation], data/packages/rand/src/rngs/adapter, reseeding.rs, 319, 27
rand, rand::rngs::thread::ThreadRng::next_u32, core::cell::UnsafeCell::get, [PtrDeref], data/packages/rand/src/rngs, thread.rs, 104, 33
rand, rand::rngs::thread::ThreadRng::next_u64, core::cell::UnsafeCell::get, [PtrDeref], data/packages/rand/src/rngs, thread.rs, 112, 33
rand, rand::rngs::thread::ThreadRng::fill_bytes, core::cell::UnsafeCell::get, [PtrDeref], data/packages/rand/src/rngs, thread.rs, 119, 33
rand, rand::rngs::thread::ThreadRng::try_fill_bytes, core::cell::UnsafeCell::get, [PtrDeref], data/packages/rand/src/rngs, thread.rs, 126, 33
syn, syn::attr::Attribute::parse_args, syn::parse::Parse::parse, [FnPtrCreation], data/packages/syn/src, attr.rs, 215, 29
syn, syn::attr::Attribute::parse_outer, syn::attr::parsing::single_parse_outer, [FnPtrCreation], data/packages/syn/src, attr.rs, 401, 34
syn, syn::attr::MetaList::parse_args, syn::parse::Parse::parse, [FnPtrCreation], data/packages/syn/src, attr.rs, 563, 29
syn, syn::attr::outer, syn::attr::outer::is_outer, [FnPtrCreation], data/packages/syn/src, attr.rs, 602, 27
syn, syn::attr::inner, syn::attr::inner::is_inner, [FnPtrCreation], data/packages/syn/src, attr.rs, 612, 27
syn, syn::attr::parsing::parse_inner, syn::attr::parsing::single_parse_inner, [FnPtrCreation], data/packages/syn/src, attr.rs, 625, 34
syn, syn::attr::parsing::Meta::parse, syn::path::parsing::Path::parse_mod_style, [FnPtrCreation], data/packages/syn/src, attr.rs, 653, 34
syn, syn::attr::parsing::MetaList::parse, syn::path::parsing::Path::parse_mod_style, [FnPtrCreation], data/packages/syn/src, attr.rs, 661, 34
syn, syn::attr::parsing::MetaNameValue::parse, syn::path::parsing::Path::parse_mod_style, [FnPtrCreation], data/packages/syn/src, attr.rs, 669, 34
syn, syn::attr::parsing::parse_meta_after_path, syn::token::Paren, [FnPtrCreation], data/packages/syn/src, attr.rs, 675, 22
syn, syn::attr::parsing::parse_meta_after_path, syn::token::Bracket, [FnPtrCreation], data/packages/syn/src, attr.rs, 675, 50
syn, syn::attr::parsing::parse_meta_after_path, syn::token::Brace, [FnPtrCreation], data/packages/syn/src, attr.rs, 675, 80
syn, syn::attr::parsing::parse_meta_name_value_after_path, syn::token::Bracket, [FnPtrCreation], data/packages/syn/src, attr.rs, 703, 55
syn, syn::buffer::TokenBuffer::begin, core::ptr::const_ptr::add, [UnsafeCall], data/packages/syn/src, buffer.rs, 87, 41
syn, syn::buffer::TokenBuffer::begin, syn::buffer::Cursor::create, [UnsafeCall], data/packages/syn/src, buffer.rs, 87, 17
syn, syn::buffer::Cursor::create, syn::buffer::Cursor::create::ptr, [PtrDeref], data/packages/syn/src, buffer.rs, 139, 35
syn, syn::buffer::Cursor::create, core::ptr::const_ptr::add, [UnsafeCall], data/packages/syn/src, buffer.rs, 143, 22
syn, syn::buffer::Cursor::entry, syn::buffer::Cursor::ptr, [PtrDeref], data/packages/syn/src, buffer.rs, 155, 19
syn, syn::buffer::Cursor::bump_ignore_group, core::ptr::const_ptr::offset, [UnsafeCall], data/packages/syn/src, buffer.rs, 165, 32
syn, syn::buffer::Cursor::bump_ignore_group, syn::buffer::Cursor::create, [UnsafeCall], data/packages/syn/src, buffer.rs, 165, 8
syn, syn::buffer::Cursor::ignore_none, syn::buffer::Cursor::bump_ignore_group, [UnsafeCall], data/packages/syn/src, buffer.rs, 176, 38
syn, syn::buffer::Cursor::group, core::ptr::const_ptr::add, [UnsafeCall], data/packages/syn/src, buffer.rs, 203, 53
syn, syn::buffer::Cursor::group, core::ptr::const_ptr::add, [UnsafeCall], data/packages/syn/src, buffer.rs, 204, 71
syn, syn::buffer::Cursor::group, syn::buffer::Cursor::create, [UnsafeCall], data/packages/syn/src, buffer.rs, 204, 47
syn, syn::buffer::Cursor::group, syn::buffer::Cursor::create, [UnsafeCall], data/packages/syn/src, buffer.rs, 205, 43
syn, syn::buffer::Cursor::any_group, core::ptr::const_ptr::add, [UnsafeCall], data/packages/syn/src, buffer.rs, 217, 49
syn, syn::buffer::Cursor::any_group, core::ptr::const_ptr::add, [UnsafeCall], data/packages/syn/src, buffer.rs, 218, 67
syn, syn::buffer::Cursor::any_group, syn::buffer::Cursor::create, [UnsafeCall], data/packages/syn/src, buffer.rs, 218, 43
syn, syn::buffer::Cursor::any_group, syn::buffer::Cursor::create, [UnsafeCall], data/packages/syn/src, buffer.rs, 219, 39
syn, syn::buffer::Cursor::any_group_token, core::ptr::const_ptr::add, [UnsafeCall], data/packages/syn/src, buffer.rs, 228, 49
syn, syn::buffer::Cursor::any_group_token, syn::buffer::Cursor::create, [UnsafeCall], data/packages/syn/src, buffer.rs, 229, 39
syn, syn::buffer::Cursor::ident, syn::buffer::Cursor::bump_ignore_group, [UnsafeCall], data/packages/syn/src, buffer.rs, 241, 70
syn, syn::buffer::Cursor::punct, syn::buffer::Cursor::bump_ignore_group, [UnsafeCall], data/packages/syn/src, buffer.rs, 252, 51
syn, syn::buffer::Cursor::literal, syn::buffer::Cursor::bump_ignore_group, [UnsafeCall], data/packages/syn/src, buffer.rs, 263, 76
syn, syn::buffer::Cursor::lifetime, syn::buffer::Cursor::bump_ignore_group, [UnsafeCall], data/packages/syn/src, buffer.rs, 274, 41
syn, syn::buffer::Cursor::token_tree, core::ptr::const_ptr::add, [UnsafeCall], data/packages/syn/src, buffer.rs, 314, 52
syn, syn::buffer::Cursor::token_tree, syn::buffer::Cursor::create, [UnsafeCall], data/packages/syn/src, buffer.rs, 314, 28
syn, syn::buffer::Cursor::prev_span, core::ptr::const_ptr::offset, [UnsafeCall], data/packages/syn/src, buffer.rs, 335, 41
syn, syn::buffer::Cursor::prev_span, core::ptr::const_ptr::offset, [UnsafeCall], data/packages/syn/src, buffer.rs, 340, 49
syn, syn::buffer::Cursor::skip, syn::buffer::Cursor::ptr, [PtrDeref], data/packages/syn/src, buffer.rs, 367, 33
syn, syn::buffer::Cursor::skip, core::ptr::const_ptr::add, [PtrDeref], data/packages/syn/src, buffer.rs, 367, 33
syn, syn::buffer::Cursor::skip, core::ptr::const_ptr::add, [UnsafeCall], data/packages/syn/src, buffer.rs, 367, 42
syn, syn::buffer::Cursor::skip, core::ptr::const_ptr::add, [UnsafeCall], data/packages/syn/src, buffer.rs, 377, 46
syn, syn::buffer::Cursor::skip, syn::buffer::Cursor::create, [UnsafeCall], data/packages/syn/src, buffer.rs, 377, 22
syn, syn::buffer::start_of_buffer, syn::buffer::Cursor::scope, [PtrDeref], data/packages/syn/src, buffer.rs, 417, 16
syn, syn::buffer::start_of_buffer, core::ptr::const_ptr::offset, [UnsafeCall], data/packages/syn/src, buffer.rs, 418, 47
syn, syn::data::parsing::Variant::parse, syn::attr::Attribute::parse_outer, [FnPtrCreation], data/packages/syn/src, data.rs, 165, 35
syn, syn::data::parsing::Variant::parse, syn::token::Brace, [FnPtrCreation], data/packages/syn/src, data.rs, 168, 39
syn, syn::data::parsing::Variant::parse, syn::token::Paren, [FnPtrCreation], data/packages/syn/src, data.rs, 170, 33
syn, syn::data::parsing::FieldsNamed::parse, syn::data::parsing::Field::parse_named, [FnPtrCreation], data/packages/syn/src, data.rs, 197, 48
syn, syn::data::parsing::FieldsUnnamed::parse, syn::data::parsing::Field::parse_unnamed, [FnPtrCreation], data/packages/syn/src, data.rs, 208, 50
syn, syn::data::parsing::Field::parse_named, syn::attr::Attribute::parse_outer, [FnPtrCreation], data/packages/syn/src, data.rs, 218, 34
syn, syn::data::parsing::Field::parse_named, syn::ext::Ident::parse_any, [FnPtrCreation], data/packages/syn/src, data.rs, 222, 31
syn, syn::data::parsing::Field::parse_unnamed, syn::attr::Attribute::parse_outer, [FnPtrCreation], data/packages/syn/src, data.rs, 235, 34
syn, syn::derive::parsing::DeriveInput::parse, syn::attr::Attribute::parse_outer, [FnPtrCreation], data/packages/syn/src, derive.rs, 69, 35
syn, syn::derive::parsing::data_struct, syn::token::Paren, [FnPtrCreation], data/packages/syn/src, derive.rs, 145, 52
syn, syn::derive::parsing::data_struct, syn::token::Brace, [FnPtrCreation], data/packages/syn/src, derive.rs, 160, 33
syn, syn::derive::parsing::data_enum, syn::data::parsing::Variant::parse, [FnPtrCreation], data/packages/syn/src, derive.rs, 182, 48
syn, syn::parse::discouraged::ParseBuffer::advance_to, core::intrinsics::transmute, [FFI], data/packages/syn/src, discouraged.rs, 193, 26
syn, syn::error::Error::new_spanned::new_spanned, proc_macro2::Span::call_site, [FnPtrCreation], data/packages/syn/src, error.rs, 193, 48
syn, syn::error::Error::to_compile_error, syn::error::ErrorMessage::to_compile_error, [FnPtrCreation], data/packages/syn/src, error.rs, 227, 17
syn, syn::expr::parsing::parse_expr, syn::token::Brace, [FnPtrCreation], data/packages/syn/src, expr.rs, 1213, 57
syn, syn::expr::parsing::parse_expr, alloc::boxed::Box::new, [FnPtrCreation], data/packages/syn/src, expr.rs, 1232, 33
syn, syn::expr::parsing::expr_attrs, syn::token::Group, [FnPtrCreation], data/packages/syn/src, expr.rs, 1334, 26
syn, syn::expr::parsing::expr_attrs, syn::attr::parsing::single_parse_outer, [FnPtrCreation], data/packages/syn/src, expr.rs, 1340, 46
syn, syn::expr::parsing::expr_attrs, syn::attr::parsing::single_parse_outer, [FnPtrCreation], data/packages/syn/src, expr.rs, 1346, 38
syn, syn::expr::parsing::unary_expr, syn::expr::parsing::expr_attrs, [FnPtrCreation], data/packages/syn/src, expr.rs, 1361, 31
syn, syn::expr::parsing::unary_expr, syn::expr::parsing::raw, [FnPtrCreation], data/packages/syn/src, expr.rs, 1365, 30
syn, syn::expr::parsing::trailer_helper, syn::token::Paren, [FnPtrCreation], data/packages/syn/src, expr.rs, 1435, 26
syn, syn::expr::parsing::trailer_helper, syn::expr::parsing::Expr::parse, [FnPtrCreation], data/packages/syn/src, expr.rs, 1441, 51
syn, syn::expr::parsing::trailer_helper, syn::token::Paren, [FnPtrCreation], data/packages/syn/src, expr.rs, 1477, 53
syn, syn::expr::parsing::trailer_helper, syn::expr::parsing::Expr::parse, [FnPtrCreation], data/packages/syn/src, expr.rs, 1487, 59
syn, syn::expr::parsing::trailer_helper, syn::token::Bracket, [FnPtrCreation], data/packages/syn/src, expr.rs, 1499, 33
syn, syn::expr::parsing::atom_expr, syn::token::Group, [FnPtrCreation], data/packages/syn/src, expr.rs, 1570, 22
syn, syn::expr::parsing::atom_expr, syn::token::Brace, [FnPtrCreation], data/packages/syn/src, expr.rs, 1573, 28
syn, syn::expr::parsing::atom_expr, syn::expr::parsing::expr_group, [FnPtrCreation], data/packages/syn/src, expr.rs, 1575, 23
syn, syn::expr::parsing::atom_expr, syn::lit::Lit, [FnPtrCreation], data/packages/syn/src, expr.rs, 1576, 29
syn, syn::expr::parsing::atom_expr, syn::token::Brace, [FnPtrCreation], data/packages/syn/src, expr.rs, 1579, 28
syn, syn::expr::parsing::atom_expr, syn::token::Brace, [FnPtrCreation], data/packages/syn/src, expr.rs, 1579, 86
syn, syn::expr::parsing::atom_expr, syn::token::Brace, [FnPtrCreation], data/packages/syn/src, expr.rs, 1582, 57
syn, syn::expr::parsing::atom_expr, syn::lifetime::Lifetime, [FnPtrCreation], data/packages/syn/src, expr.rs, 1588, 32
syn, syn::expr::parsing::atom_expr, syn::token::Brace, [FnPtrCreation], data/packages/syn/src, expr.rs, 1589, 57
syn, syn::expr::parsing::atom_expr, syn::ident::Ident, [FnPtrCreation], data/packages/syn/src, expr.rs, 1594, 29
syn, syn::expr::parsing::atom_expr, syn::token::Paren, [FnPtrCreation], data/packages/syn/src, expr.rs, 1604, 29
syn, syn::expr::parsing::atom_expr, syn::token::Bracket, [FnPtrCreation], data/packages/syn/src, expr.rs, 1612, 29
syn, syn::expr::parsing::atom_expr, syn::token::Brace, [FnPtrCreation], data/packages/syn/src, expr.rs, 1632, 29
syn, syn::expr::parsing::atom_expr, syn::lifetime::Lifetime, [FnPtrCreation], data/packages/syn/src, expr.rs, 1638, 29
syn, syn::expr::parsing::atom_expr, syn::token::Brace, [FnPtrCreation], data/packages/syn/src, expr.rs, 1646, 33
syn, syn::expr::parsing::path_or_macro_or_struct, syn::token::Brace, [FnPtrCreation], data/packages/syn/src, expr.rs, 1717, 40
syn, syn::expr::parsing::expr_early, syn::expr::parsing::expr_attrs, [FnPtrCreation], data/packages/syn/src, expr.rs, 1865, 35
syn, syn::expr::parsing::expr_early, syn::lifetime::Lifetime, [FnPtrCreation], data/packages/syn/src, expr.rs, 1871, 56
syn, syn::expr::parsing::expr_early, syn::token::Brace, [FnPtrCreation], data/packages/syn/src, expr.rs, 1878, 57
syn, syn::expr::parsing::expr_early, syn::token::Brace, [FnPtrCreation], data/packages/syn/src, expr.rs, 1882, 59
syn, syn::expr::parsing::expr_early, syn::token::Brace, [FnPtrCreation], data/packages/syn/src, expr.rs, 1884, 29
syn, syn::expr::parsing::ExprIf::parse, syn::attr::Attribute::parse_outer, [FnPtrCreation], data/packages/syn/src, expr.rs, 1969, 35
syn, syn::expr::parsing::ExprIf::parse, syn::expr::parsing::Expr::parse_without_eager_brace, [FnPtrCreation], data/packages/syn/src, expr.rs, 1973, 42
syn, syn::expr::parsing::ExprIf::parse, syn::expr::parsing::else_block, [FnPtrCreation], data/packages/syn/src, expr.rs, 1977, 40
syn, syn::expr::parsing::else_block, syn::token::Brace, [FnPtrCreation], data/packages/syn/src, expr.rs, 1993, 29
syn, syn::expr::parsing::ExprInfer::parse, syn::attr::Attribute::parse_outer, [FnPtrCreation], data/packages/syn/src, expr.rs, 2011, 34
syn, syn::expr::parsing::ExprForLoop::parse, syn::attr::Attribute::parse_outer, [FnPtrCreation], data/packages/syn/src, expr.rs, 2021, 39
syn, syn::expr::parsing::ExprForLoop::parse, syn::expr::parsing::Expr::parse_without_eager_brace, [FnPtrCreation], data/packages/syn/src, expr.rs, 2028, 40
syn, syn::expr::parsing::ExprForLoop::parse, syn::stmt::parsing::Block::parse_within, [FnPtrCreation], data/packages/syn/src, expr.rs, 2033, 37
syn, syn::expr::parsing::ExprLoop::parse, syn::attr::Attribute::parse_outer, [FnPtrCreation], data/packages/syn/src, expr.rs, 2051, 39
syn, syn::expr::parsing::ExprLoop::parse, syn::stmt::parsing::Block::parse_within, [FnPtrCreation], data/packages/syn/src, expr.rs, 2058, 37
syn, syn::expr::parsing::ExprMatch::parse, syn::attr::Attribute::parse_outer, [FnPtrCreation], data/packages/syn/src, expr.rs, 2073, 39
syn, syn::expr::parsing::ExprMatch::parse, syn::expr::parsing::Arm::parse, [FnPtrCreation], data/packages/syn/src, expr.rs, 2083, 39
syn, syn::expr::parsing::closure_arg, syn::attr::Attribute::parse_outer, [FnPtrCreation], data/packages/syn/src, expr.rs, 2300, 31
syn, syn::expr::parsing::ExprWhile::parse, syn::attr::Attribute::parse_outer, [FnPtrCreation], data/packages/syn/src, expr.rs, 2338, 39
syn, syn::expr::parsing::ExprWhile::parse, syn::stmt::parsing::Block::parse_within, [FnPtrCreation], data/packages/syn/src, expr.rs, 2346, 37
syn, syn::expr::parsing::ExprConst::parse, syn::attr::Attribute::parse_inner, [FnPtrCreation], data/packages/syn/src, expr.rs, 2366, 43
syn, syn::expr::parsing::ExprConst::parse, syn::stmt::parsing::Block::parse_within, [FnPtrCreation], data/packages/syn/src, expr.rs, 2367, 37
syn, syn::expr::parsing::Option::parse, syn::lifetime::Lifetime, [FnPtrCreation], data/packages/syn/src, expr.rs, 2392, 26
syn, syn::expr::parsing::expr_break, syn::token::Brace, [FnPtrCreation], data/packages/syn/src, expr.rs, 2422, 53
syn, syn::expr::parsing::FieldValue::parse, syn::attr::Attribute::parse_outer, [FnPtrCreation], data/packages/syn/src, expr.rs, 2458, 35
syn, syn::expr::parsing::ExprUnsafe::parse, syn::attr::Attribute::parse_inner, [FnPtrCreation], data/packages/syn/src, expr.rs, 2547, 43
syn, syn::expr::parsing::ExprUnsafe::parse, syn::stmt::parsing::Block::parse_within, [FnPtrCreation], data/packages/syn/src, expr.rs, 2548, 37
syn, syn::expr::parsing::ExprBlock::parse, syn::attr::Attribute::parse_outer, [FnPtrCreation], data/packages/syn/src, expr.rs, 2562, 39
syn, syn::expr::parsing::ExprBlock::parse, syn::stmt::parsing::Block::parse_within, [FnPtrCreation], data/packages/syn/src, expr.rs, 2568, 37
syn, syn::expr::parsing::expr_range, syn::token::Brace, [FnPtrCreation], data/packages/syn/src, expr.rs, 2586, 49
syn, syn::expr::parsing::ExprPath::parse, syn::attr::Attribute::parse_outer, [FnPtrCreation], data/packages/syn/src, expr.rs, 2645, 35
syn, syn::expr::parsing::Member::parse, syn::ident::Ident, [FnPtrCreation], data/packages/syn/src, expr.rs, 2656, 26
syn, syn::expr::parsing::Member::parse, syn::lit::LitInt, [FnPtrCreation], data/packages/syn/src, expr.rs, 2658, 33
syn, syn::expr::parsing::Arm::parse, syn::attr::Attribute::parse_outer, [FnPtrCreation], data/packages/syn/src, expr.rs, 2672, 34
syn, syn::expr::parsing::Arm::parse, syn::expr::parsing::expr_early, [FnPtrCreation], data/packages/syn/src, expr.rs, 2685, 42
syn, syn::expr::parsing::check_cast, syn::ident::Ident, [FnPtrCreation], data/packages/syn/src, expr.rs, 2766, 34
syn, syn::expr::parsing::check_cast, syn::token::Paren, [FnPtrCreation], data/packages/syn/src, expr.rs, 2766, 57
syn, syn::expr::parsing::check_cast, syn::token::Bracket, [FnPtrCreation], data/packages/syn/src, expr.rs, 2773, 29
syn, syn::expr::parsing::check_cast, syn::token::Paren, [FnPtrCreation], data/packages/syn/src, expr.rs, 2775, 29
syn, syn::file::parsing::File::parse, syn::attr::Attribute::parse_inner, [FnPtrCreation], data/packages/syn/src, file.rs, 98, 34
syn, syn::gen::helper::fold::Punctuated::lift, syn::punctuated::Pair::into_tuple, [FnPtrCreation], data/packages/syn/src, gen_helper.rs, 29, 21
syn, syn::generics::parsing::Generics::parse, syn::attr::Attribute::parse_outer, [FnPtrCreation], data/packages/syn/src, generics.rs, 553, 39
syn, syn::generics::parsing::Generics::parse, syn::lifetime::Lifetime, [FnPtrCreation], data/packages/syn/src, generics.rs, 555, 34
syn, syn::generics::parsing::Generics::parse, syn::ident::Ident, [FnPtrCreation], data/packages/syn/src, generics.rs, 560, 41
syn, syn::generics::parsing::Generics::parse, syn::ext::Ident::parse_any, [FnPtrCreation], data/packages/syn/src, generics.rs, 573, 42
syn, syn::generics::parsing::GenericParam::parse, syn::attr::Attribute::parse_outer, [FnPtrCreation], data/packages/syn/src, generics.rs, 604, 35
syn, syn::generics::parsing::GenericParam::parse, syn::ident::Ident, [FnPtrCreation], data/packages/syn/src, generics.rs, 607, 30
syn, syn::generics::parsing::GenericParam::parse, syn::lifetime::Lifetime, [FnPtrCreation], data/packages/syn/src, generics.rs, 612, 37
syn, syn::generics::parsing::LifetimeParam::parse, syn::attr::Attribute::parse_outer, [FnPtrCreation], data/packages/syn/src, generics.rs, 633, 34
syn, syn::generics::parsing::BoundLifetimes::parse, syn::attr::Attribute::parse_outer, [FnPtrCreation], data/packages/syn/src, generics.rs, 675, 47
syn, syn::generics::parsing::TypeParam::parse, syn::attr::Attribute::parse_outer, [FnPtrCreation], data/packages/syn/src, generics.rs, 709, 35
syn, syn::generics::parsing::TypeParamBound::parse, syn::lifetime::Lifetime, [FnPtrCreation], data/packages/syn/src, generics.rs, 750, 26
syn, syn::generics::parsing::TypeParamBound::parse, syn::token::Paren, [FnPtrCreation], data/packages/syn/src, generics.rs, 757, 55
syn, syn::generics::parsing::TypeParamBound::parse_multiple, syn::lifetime::Lifetime, [FnPtrCreation], data/packages/syn/src, generics.rs, 796, 34
syn, syn::generics::parsing::TypeParamBound::parse_multiple, syn::token::Paren, [FnPtrCreation], data/packages/syn/src, generics.rs, 797, 34
syn, syn::generics::parsing::TraitBound::parse, syn::token::Paren, [FnPtrCreation], data/packages/syn/src, generics.rs, 815, 31
syn, syn::generics::parsing::TraitBound::parse, syn::token::Paren, [FnPtrCreation], data/packages/syn/src, generics.rs, 815, 86
syn, syn::generics::parsing::ConstParam::parse, syn::attr::Attribute::parse_outer, [FnPtrCreation], data/packages/syn/src, generics.rs, 848, 34
syn, syn::generics::parsing::WhereClause::parse, syn::token::Brace, [FnPtrCreation], data/packages/syn/src, generics.rs, 876, 42
syn, syn::generics::parsing::WherePredicate::parse, syn::lifetime::Lifetime, [FnPtrCreation], data/packages/syn/src, generics.rs, 912, 26
syn, syn::generics::parsing::WherePredicate::parse, syn::token::Brace, [FnPtrCreation], data/packages/syn/src, generics.rs, 920, 46
syn, syn::generics::parsing::WherePredicate::parse, syn::token::Brace, [FnPtrCreation], data/packages/syn/src, generics.rs, 948, 46
syn, syn::item::parsing::Item::parse, syn::attr::Attribute::parse_outer, [FnPtrCreation], data/packages/syn/src, item.rs, 901, 39
syn, syn::item::parsing::Item::parse, syn::token::Brace, [FnPtrCreation], data/packages/syn/src, item.rs, 920, 41
syn, syn::item::parsing::Item::parse, syn::lit::LitStr, [FnPtrCreation], data/packages/syn/src, item.rs, 922, 41
syn, syn::item::parsing::Item::parse, syn::token::Brace, [FnPtrCreation], data/packages/syn/src, item.rs, 925, 38
syn, syn::item::parsing::Item::parse, syn::ident::Ident, [FnPtrCreation], data/packages/syn/src, item.rs, 974, 46
syn, syn::item::parsing::Item::parse, syn::ext::Ident::parse_any, [FnPtrCreation], data/packages/syn/src, item.rs, 975, 31
syn, syn::item::parsing::Item::parse, syn::ident::Ident, [FnPtrCreation], data/packages/syn/src, item.rs, 1027, 67
syn, syn::item::parsing::Item::parse, syn::item::parsing::parse_trait_or_trait_alias, [FnPtrCreation], data/packages/syn/src, item.rs, 1030, 27
syn, syn::item::parsing::Item::parse, syn::ident::Ident, [FnPtrCreation], data/packages/syn/src, item.rs, 1046, 35
syn, syn::item::parsing::ItemMacro::parse, syn::attr::Attribute::parse_outer, [FnPtrCreation], data/packages/syn/src, item.rs, 1174, 35
syn, syn::item::parsing::ItemMacro::parse, syn::path::parsing::Path::parse_mod_style, [FnPtrCreation], data/packages/syn/src, item.rs, 1175, 34
syn, syn::item::parsing::ItemMacro::parse, syn::ext::Ident::parse_any, [FnPtrCreation], data/packages/syn/src, item.rs, 1178, 27
syn, syn::item::parsing::ItemMacro::parse, syn::mac::parse_delimiter, [FnPtrCreation], data/packages/syn/src, item.rs, 1182, 49
syn, syn::item::parsing::parse_macro2, syn::token::Paren, [FnPtrCreation], data/packages/syn/src, item.rs, 1207, 26
syn, syn::item::parsing::parse_macro2, syn::token::Brace, [FnPtrCreation], data/packages/syn/src, item.rs, 1214, 26
syn, syn::item::parsing::ItemExternCrate::parse, syn::attr::Attribute::parse_outer, [FnPtrCreation], data/packages/syn/src, item.rs, 1229, 34
syn, syn::item::parsing::ItemExternCrate::parse, syn::ext::Ident::parse_any, [FnPtrCreation], data/packages/syn/src, item.rs, 1235, 35
syn, syn::item::parsing::parse_item_use, syn::attr::Attribute::parse_outer, [FnPtrCreation], data/packages/syn/src, item.rs, 1270, 31
syn, syn::item::parsing::parse_use_tree, syn::ident::Ident, [FnPtrCreation], data/packages/syn/src, item.rs, 1305, 26
syn, syn::item::parsing::parse_use_tree, syn::ext::Ident::parse_any, [FnPtrCreation], data/packages/syn/src, item.rs, 1311, 35
syn, syn::item::parsing::parse_use_tree, syn::ident::Ident, [FnPtrCreation], data/packages/syn/src, item.rs, 1323, 38
syn, syn::item::parsing::parse_use_tree, syn::token::Brace, [FnPtrCreation], data/packages/syn/src, item.rs, 1339, 33
syn, syn::item::parsing::ItemStatic::parse, syn::attr::Attribute::parse_outer, [FnPtrCreation], data/packages/syn/src, item.rs, 1372, 34
syn, syn::item::parsing::ItemConst::parse, syn::attr::Attribute::parse_outer, [FnPtrCreation], data/packages/syn/src, item.rs, 1390, 34
syn, syn::item::parsing::ItemConst::parse, syn::ident::Ident, [FnPtrCreation], data/packages/syn/src, item.rs, 1395, 38
syn, syn::item::parsing::ItemConst::parse, syn::ext::Ident::parse_any, [FnPtrCreation], data/packages/syn/src, item.rs, 1396, 35
syn, syn::item::parsing::ItemFn::parse, syn::attr::Attribute::parse_outer, [FnPtrCreation], data/packages/syn/src, item.rs, 1457, 41
syn, syn::item::parsing::parse_rest_of_fn, syn::stmt::parsing::Block::parse_within, [FnPtrCreation], data/packages/syn/src, item.rs, 1473, 33
syn, syn::item::parsing::FnArg::parse, syn::attr::Attribute::parse_outer, [FnPtrCreation], data/packages/syn/src, item.rs, 1487, 35
syn, syn::item::parsing::parse_fn_arg_or_variadic, syn::ident::Ident, [FnPtrCreation], data/packages/syn/src, item.rs, 1515, 22
syn, syn::item::parsing::parse_fn_args, syn::attr::Attribute::parse_outer, [FnPtrCreation], data/packages/syn/src, item.rs, 1603, 35
syn, syn::item::parsing::ItemMod::parse, syn::attr::Attribute::parse_outer, [FnPtrCreation], data/packages/syn/src, item.rs, 1667, 39
syn, syn::item::parsing::ItemMod::parse, syn::ext::Ident::parse_any, [FnPtrCreation], data/packages/syn/src, item.rs, 1672, 27
syn, syn::item::parsing::ItemMod::parse, syn::token::Brace, [FnPtrCreation], data/packages/syn/src, item.rs, 1688, 37
syn, syn::item::parsing::ItemForeignMod::parse, syn::attr::Attribute::parse_outer, [FnPtrCreation], data/packages/syn/src, item.rs, 1716, 39
syn, syn::item::parsing::ForeignItem::parse, syn::attr::Attribute::parse_outer, [FnPtrCreation], data/packages/syn/src, item.rs, 1742, 39
syn, syn::item::parsing::ForeignItem::parse, syn::token::Brace, [FnPtrCreation], data/packages/syn/src, item.rs, 1750, 30
syn, syn::item::parsing::ForeignItem::parse, syn::attr::Attribute::parse_inner, [FnPtrCreation], data/packages/syn/src, item.rs, 1753, 33
syn, syn::item::parsing::ForeignItem::parse, syn::stmt::parsing::Block::parse_within, [FnPtrCreation], data/packages/syn/src, item.rs, 1754, 33
syn, syn::item::parsing::ForeignItem::parse, syn::ident::Ident, [FnPtrCreation], data/packages/syn/src, item.rs, 1792, 35
syn, syn::item::parsing::ForeignItemFn::parse, syn::attr::Attribute::parse_outer, [FnPtrCreation], data/packages/syn/src, item.rs, 1820, 35
syn, syn::item::parsing::ForeignItemStatic::parse, syn::attr::Attribute::parse_outer, [FnPtrCreation], data/packages/syn/src, item.rs, 1837, 34
syn, syn::item::parsing::ForeignItemType::parse, syn::attr::Attribute::parse_outer, [FnPtrCreation], data/packages/syn/src, item.rs, 1853, 34
syn, syn::item::parsing::ForeignItemMacro::parse, syn::attr::Attribute::parse_outer, [FnPtrCreation], data/packages/syn/src, item.rs, 1901, 35
syn, syn::item::parsing::ItemType::parse, syn::attr::Attribute::parse_outer, [FnPtrCreation], data/packages/syn/src, item.rs, 1920, 34
syn, syn::item::parsing::ItemStruct::parse, syn::attr::Attribute::parse_outer, [FnPtrCreation], data/packages/syn/src, item.rs, 1973, 35
syn, syn::item::parsing::ItemEnum::parse, syn::attr::Attribute::parse_outer, [FnPtrCreation], data/packages/syn/src, item.rs, 1997, 35
syn, syn::item::parsing::ItemUnion::parse, syn::attr::Attribute::parse_outer, [FnPtrCreation], data/packages/syn/src, item.rs, 2021, 35
syn, syn::item::parsing::parse_trait_or_trait_alias, syn::token::Brace, [FnPtrCreation], data/packages/syn/src, item.rs, 2044, 26
syn, syn::item::parsing::ItemTrait::parse, syn::attr::Attribute::parse_outer, [FnPtrCreation], data/packages/syn/src, item.rs, 2072, 41
syn, syn::item::parsing::parse_rest_of_trait, syn::token::Brace, [FnPtrCreation], data/packages/syn/src, item.rs, 2107, 59
syn, syn::item::parsing::parse_rest_of_trait, syn::token::Brace, [FnPtrCreation], data/packages/syn/src, item.rs, 2111, 59
syn, syn::item::parsing::parse_start_of_trait_alias, syn::attr::Attribute::parse_outer, [FnPtrCreation], data/packages/syn/src, item.rs, 2155, 31
syn, syn::item::parsing::TraitItem::parse, syn::attr::Attribute::parse_outer, [FnPtrCreation], data/packages/syn/src, item.rs, 2204, 39
syn, syn::item::parsing::TraitItem::parse, syn::ident::Ident, [FnPtrCreation], data/packages/syn/src, item.rs, 2215, 34
syn, syn::item::parsing::TraitItem::parse, syn::ident::Ident, [FnPtrCreation], data/packages/syn/src, item.rs, 2230, 35
syn, syn::item::parsing::TraitItemConst::parse, syn::attr::Attribute::parse_outer, [FnPtrCreation], data/packages/syn/src, item.rs, 2263, 34
syn, syn::item::parsing::TraitItemConst::parse, syn::ident::Ident, [FnPtrCreation], data/packages/syn/src, item.rs, 2267, 38
syn, syn::item::parsing::TraitItemConst::parse, syn::ext::Ident::parse_any, [FnPtrCreation], data/packages/syn/src, item.rs, 2268, 35
syn, syn::item::parsing::TraitItemFn::parse, syn::attr::Attribute::parse_outer, [FnPtrCreation], data/packages/syn/src, item.rs, 2293, 39
syn, syn::item::parsing::TraitItemFn::parse, syn::token::Brace, [FnPtrCreation], data/packages/syn/src, item.rs, 2297, 69
syn, syn::item::parsing::TraitItemFn::parse, syn::stmt::parsing::Block::parse_within, [FnPtrCreation], data/packages/syn/src, item.rs, 2301, 41
syn, syn::item::parsing::TraitItemType::parse, syn::attr::Attribute::parse_outer, [FnPtrCreation], data/packages/syn/src, item.rs, 2322, 35
syn, syn::item::parsing::TraitItemMacro::parse, syn::attr::Attribute::parse_outer, [FnPtrCreation], data/packages/syn/src, item.rs, 2379, 35
syn, syn::item::parsing::parse_impl, syn::attr::Attribute::parse_outer, [FnPtrCreation], data/packages/syn/src, item.rs, 2403, 35
syn, syn::item::parsing::parse_impl, syn::ident::Ident, [FnPtrCreation], data/packages/syn/src, item.rs, 2412, 32
syn, syn::item::parsing::parse_impl, syn::lifetime::Lifetime, [FnPtrCreation], data/packages/syn/src, item.rs, 2412, 54
syn, syn::item::parsing::parse_impl, syn::token::Brace, [FnPtrCreation], data/packages/syn/src, item.rs, 2432, 64
syn, syn::item::parsing::ImplItem::parse, syn::attr::Attribute::parse_outer, [FnPtrCreation], data/packages/syn/src, item.rs, 2510, 39
syn, syn::item::parsing::ImplItem::parse, syn::ident::Ident, [FnPtrCreation], data/packages/syn/src, item.rs, 2534, 46
syn, syn::item::parsing::ImplItem::parse, syn::ext::Ident::parse_any, [FnPtrCreation], data/packages/syn/src, item.rs, 2535, 31
syn, syn::item::parsing::ImplItem::parse, syn::ident::Ident, [FnPtrCreation], data/packages/syn/src, item.rs, 2563, 35
syn, syn::item::parsing::ImplItemConst::parse, syn::attr::Attribute::parse_outer, [FnPtrCreation], data/packages/syn/src, item.rs, 2594, 34
syn, syn::item::parsing::ImplItemConst::parse, syn::ident::Ident, [FnPtrCreation], data/packages/syn/src, item.rs, 2600, 38
syn, syn::item::parsing::ImplItemConst::parse, syn::ext::Ident::parse_any, [FnPtrCreation], data/packages/syn/src, item.rs, 2601, 35
syn, syn::item::parsing::parse_impl_item_fn, syn::attr::Attribute::parse_outer, [FnPtrCreation], data/packages/syn/src, item.rs, 2628, 35
syn, syn::item::parsing::parse_impl_item_fn, syn::attr::Attribute::parse_inner, [FnPtrCreation], data/packages/syn/src, item.rs, 2642, 34
syn, syn::item::parsing::parse_impl_item_fn, syn::stmt::parsing::Block::parse_within, [FnPtrCreation], data/packages/syn/src, item.rs, 2645, 32
syn, syn::item::parsing::ImplItemType::parse, syn::attr::Attribute::parse_outer, [FnPtrCreation], data/packages/syn/src, item.rs, 2660, 35
syn, syn::item::parsing::ImplItemMacro::parse, syn::attr::Attribute::parse_outer, [FnPtrCreation], data/packages/syn/src, item.rs, 2722, 35
syn, syn::parse, syn::parse::Parse::parse, [FnPtrCreation], data/packages/syn/src, lib.rs, 870, 25
syn, syn::parse2, syn::parse::Parse::parse, [FnPtrCreation], data/packages/syn/src, lib.rs, 888, 26
syn, syn::parse_str, syn::parse::Parse::parse, [FnPtrCreation], data/packages/syn/src, lib.rs, 915, 29
syn, syn::lit::LitStr::parse, syn::parse::Parse::parse, [FnPtrCreation], data/packages/syn/src, lit.rs, 173, 24
syn, syn::lookahead::Lookahead1::peek, syn::token::Token::peek, [FnPtrCreation], data/packages/syn/src, lookahead.rs, 105, 24
syn, syn::lookahead::Lookahead1::peek, syn::token::Token::display, [FnPtrCreation], data/packages/syn/src, lookahead.rs, 105, 40
syn, syn::mac::Macro::parse_body, syn::parse::Parse::parse, [FnPtrCreation], data/packages/syn/src, mac.rs, 130, 29
syn, syn::mac::parsing::Macro::parse, syn::path::parsing::Path::parse_mod_style, [FnPtrCreation], data/packages/syn/src, mac.rs, 173, 33
syn, syn::meta::parse_nested_meta, syn::meta::parse_meta_path, [FnPtrCreation], data/packages/syn/src, meta.rs, 383, 30
syn, syn::meta::parse_meta_path, syn::lit::Lit, [FnPtrCreation], data/packages/syn/src, meta.rs, 406, 33
syn, syn::parse::advance_step_cursor, core::intrinsics::transmute, [FFI], data/packages/syn/src, parse.rs, 380, 13
syn, syn::parse::new_parse_buffer, core::intrinsics::transmute, [FFI], data/packages/syn/src, parse.rs, 391, 33
syn, syn::parse::ParseBuffer::peek2::peek2, syn::parse::ParseBuffer::peek2::peek2::peek, [FnPtrCreation], data/packages/syn/src, parse.rs, 621, 48
syn, syn::parse::ParseBuffer::peek2::peek2, syn::parse::ParseBuffer::peek2::peek2::peek, [FnPtrCreation], data/packages/syn/src, parse.rs, 625, 49
syn, syn::parse::ParseBuffer::peek2, syn::token::Token::peek, [FnPtrCreation], data/packages/syn/src, parse.rs, 629, 20
syn, syn::parse::ParseBuffer::peek3::peek3, syn::buffer::Cursor::skip, [FnPtrCreation], data/packages/syn/src, parse.rs, 636, 43
syn, syn::parse::ParseBuffer::peek3::peek3, syn::parse::ParseBuffer::peek3::peek3::peek, [FnPtrCreation], data/packages/syn/src, parse.rs, 636, 71
syn, syn::parse::ParseBuffer::peek3::peek3, syn::buffer::Cursor::skip, [FnPtrCreation], data/packages/syn/src, parse.rs, 643, 26
syn, syn::parse::ParseBuffer::peek3::peek3, syn::parse::ParseBuffer::peek3::peek3::peek, [FnPtrCreation], data/packages/syn/src, parse.rs, 644, 31
syn, syn::parse::ParseBuffer::peek3, syn::token::Token::peek, [FnPtrCreation], data/packages/syn/src, parse.rs, 648, 20
syn, syn::parse::ParseBuffer::parse_terminated, syn::parse::ParseBuffer::parse_terminated::parser, [FnPtrCreation], data/packages/syn/src, parse.rs, 752, 48
syn, syn::parse::Box::parse, alloc::boxed::Box::new, [FnPtrCreation], data/packages/syn/src, parse.rs, 1117, 26
syn, syn::parse_quote::parse, syn::parse_quote::ParseQuote::parse, [FnPtrCreation], data/packages/syn/src, parse_quote.rs, 116, 17
syn, syn::parse_quote::parse, syn::parse_quote::parse::parser, [FnPtrCreation], data/packages/syn/src, parse_quote.rs, 117, 10
syn, syn::parse_quote::Box::parse, alloc::boxed::Box::new, [FnPtrCreation], data/packages/syn/src, parse_quote.rs, 163, 46
syn, syn::pat::parsing::Pat::parse_single, syn::ident::Ident, [FnPtrCreation], data/packages/syn/src, pat.rs, 262, 30
syn, syn::pat::parsing::Pat::parse_single, syn::token::Brace, [FnPtrCreation], data/packages/syn/src, pat.rs, 265, 35
syn, syn::pat::parsing::Pat::parse_single, syn::token::Paren, [FnPtrCreation], data/packages/syn/src, pat.rs, 266, 35
syn, syn::pat::parsing::Pat::parse_single, syn::pat::parsing::pat_wild, [FnPtrCreation], data/packages/syn/src, pat.rs, 277, 27
syn, syn::pat::parsing::Pat::parse_single, syn::lit::Lit, [FnPtrCreation], data/packages/syn/src, pat.rs, 280, 62
syn, syn::pat::parsing::Pat::parse_single, syn::ident::Ident, [FnPtrCreation], data/packages/syn/src, pat.rs, 286, 30
syn, syn::pat::parsing::Pat::parse_single, syn::pat::parsing::pat_ident, [FnPtrCreation], data/packages/syn/src, pat.rs, 288, 27
syn, syn::pat::parsing::Pat::parse_single, syn::pat::parsing::pat_reference, [FnPtrCreation], data/packages/syn/src, pat.rs, 290, 27
syn, syn::pat::parsing::Pat::parse_single, syn::token::Paren, [FnPtrCreation], data/packages/syn/src, pat.rs, 291, 37
syn, syn::pat::parsing::Pat::parse_single, syn::pat::parsing::pat_paren_or_tuple, [FnPtrCreation], data/packages/syn/src, pat.rs, 292, 27
syn, syn::pat::parsing::Pat::parse_single, syn::token::Bracket, [FnPtrCreation], data/packages/syn/src, pat.rs, 293, 37
syn, syn::pat::parsing::Pat::parse_single, syn::pat::parsing::pat_slice, [FnPtrCreation], data/packages/syn/src, pat.rs, 294, 27
syn, syn::pat::parsing::Pat::parse_single, syn::pat::parsing::pat_const, [FnPtrCreation], data/packages/syn/src, pat.rs, 298, 27
syn, syn::pat::parsing::pat_path_or_macro_or_struct_or_range, syn::token::Brace, [FnPtrCreation], data/packages/syn/src, pat.rs, 400, 22
syn, syn::pat::parsing::pat_path_or_macro_or_struct_or_range, syn::token::Paren, [FnPtrCreation], data/packages/syn/src, pat.rs, 402, 29
syn, syn::pat::parsing::pat_ident, syn::ext::Ident::parse_any, [FnPtrCreation], data/packages/syn/src, pat.rs, 433, 30
syn, syn::pat::parsing::pat_struct, syn::attr::Attribute::parse_outer, [FnPtrCreation], data/packages/syn/src, pat.rs, 481, 37
syn, syn::pat::parsing::pat_struct, syn::pat::parsing::field_pat, [FnPtrCreation], data/packages/syn/src, pat.rs, 489, 41
syn, syn::pat::parsing::pat_range, syn::pat::parsing::pat_range_bound, [FnPtrCreation], data/packages/syn/src, pat.rs, 568, 29
syn, syn::pat::parsing::pat_range, syn::pat::parsing::PatRangeBound::into_expr, [FnPtrCreation], data/packages/syn/src, pat.rs, 580, 25
syn, syn::pat::parsing::pat_range_half_open, syn::pat::parsing::pat_range_bound, [FnPtrCreation], data/packages/syn/src, pat.rs, 586, 29
syn, syn::pat::parsing::pat_range_half_open, syn::pat::parsing::PatRangeBound::into_expr, [FnPtrCreation], data/packages/syn/src, pat.rs, 592, 29
syn, syn::pat::parsing::pat_lit_or_range, syn::pat::parsing::pat_range_bound, [FnPtrCreation], data/packages/syn/src, pat.rs, 645, 31
syn, syn::pat::parsing::pat_lit_or_range, syn::pat::parsing::pat_range_bound, [FnPtrCreation], data/packages/syn/src, pat.rs, 648, 33
syn, syn::pat::parsing::pat_lit_or_range, syn::pat::parsing::PatRangeBound::into_expr, [FnPtrCreation], data/packages/syn/src, pat.rs, 656, 29
syn, syn::pat::parsing::pat_range_bound, syn::lit::Lit, [FnPtrCreation], data/packages/syn/src, pat.rs, 701, 37
syn, syn::pat::parsing::pat_range_bound, syn::ident::Ident, [FnPtrCreation], data/packages/syn/src, pat.rs, 703, 33
syn, syn::pat::parsing::pat_const, syn::attr::Attribute::parse_inner, [FnPtrCreation], data/packages/syn/src, pat.rs, 762, 21
syn, syn::pat::parsing::pat_const, syn::stmt::parsing::Block::parse_within, [FnPtrCreation], data/packages/syn/src, pat.rs, 763, 21
syn, syn::path::parsing::GenericArgument::parse, syn::lifetime::Lifetime, [FnPtrCreation], data/packages/syn/src, path.rs, 279, 26
syn, syn::path::parsing::GenericArgument::parse, syn::lit::Lit, [FnPtrCreation], data/packages/syn/src, path.rs, 283, 26
syn, syn::path::parsing::GenericArgument::parse, syn::token::Brace, [FnPtrCreation], data/packages/syn/src, path.rs, 283, 45
syn, syn::path::parsing::GenericArgument::parse, syn::lit::Lit, [FnPtrCreation], data/packages/syn/src, path.rs, 307, 45
syn, syn::path::parsing::GenericArgument::parse, syn::token::Brace, [FnPtrCreation], data/packages/syn/src, path.rs, 307, 64
syn, syn::path::parsing::const_argument, syn::lit::Lit, [FnPtrCreation], data/packages/syn/src, path.rs, 366, 22
syn, syn::path::parsing::const_argument, syn::ident::Ident, [FnPtrCreation], data/packages/syn/src, path.rs, 372, 22
syn, syn::path::parsing::const_argument, syn::token::Brace, [FnPtrCreation], data/packages/syn/src, path.rs, 381, 22
syn, syn::path::parsing::ParenthesizedGenericArguments::parse, syn::ty::parsing::Type::parse, [FnPtrCreation], data/packages/syn/src, path.rs, 453, 49
syn, syn::path::parsing::ParenthesizedGenericArguments::parse, syn::ty::parsing::ReturnType::without_plus, [FnPtrCreation], data/packages/syn/src, path.rs, 454, 35
syn, syn::path::parsing::PathSegment::parse_helper, syn::ext::Ident::parse_any, [FnPtrCreation], data/packages/syn/src, path.rs, 473, 39
syn, syn::path::parsing::PathSegment::parse_helper, syn::ext::Ident::parse_any, [FnPtrCreation], data/packages/syn/src, path.rs, 478, 27
syn, syn::path::parsing::Path::parse_mod_style, syn::ident::Ident, [FnPtrCreation], data/packages/syn/src, path.rs, 534, 39
syn, syn::path::parsing::Path::parse_rest, syn::token::Paren, [FnPtrCreation], data/packages/syn/src, path.rs, 579, 57
syn, syn::punctuated::Punctuated::iter, alloc::boxed::Box::as_ref, [FnPtrCreation], data/packages/syn/src, punctuated.rs, 99, 45
syn, syn::punctuated::Punctuated::iter_mut, alloc::boxed::Box::as_mut, [FnPtrCreation], data/packages/syn/src, punctuated.rs, 110, 45
syn, syn::punctuated::Punctuated::pairs, alloc::boxed::Box::as_ref, [FnPtrCreation], data/packages/syn/src, punctuated.rs, 120, 41
syn, syn::punctuated::Punctuated::pairs_mut, alloc::boxed::Box::as_mut, [FnPtrCreation], data/packages/syn/src, punctuated.rs, 129, 41
syn, syn::punctuated::Punctuated::parse_terminated, syn::parse::Parse::parse, [FnPtrCreation], data/packages/syn/src, punctuated.rs, 271, 43
syn, syn::punctuated::Punctuated::parse_separated_nonempty, syn::parse::Parse::parse, [FnPtrCreation], data/packages/syn/src, punctuated.rs, 323, 51
syn, syn::restriction::parsing::Visibility::parse, syn::token::Group, [FnPtrCreation], data/packages/syn/src, restriction.rs, 70, 26
syn, syn::restriction::parsing::Visibility::parse_pub, syn::token::Paren, [FnPtrCreation], data/packages/syn/src, restriction.rs, 91, 26
syn, syn::restriction::parsing::Visibility::parse_pub, syn::ext::Ident::parse_any, [FnPtrCreation], data/packages/syn/src, restriction.rs, 100, 44
syn, syn::restriction::parsing::Visibility::parse_pub, syn::path::parsing::Path::parse_mod_style, [FnPtrCreation], data/packages/syn/src, restriction.rs, 117, 44
syn, syn::stmt::parsing::Block::parse, syn::stmt::parsing::Block::parse_within, [FnPtrCreation], data/packages/syn/src, stmt.rs, 169, 36
syn, syn::stmt::parsing::parse_stmt, syn::attr::Attribute::parse_outer, [FnPtrCreation], data/packages/syn/src, stmt.rs, 183, 35
syn, syn::stmt::parsing::parse_stmt, syn::path::parsing::Path::parse_mod_style, [FnPtrCreation], data/packages/syn/src, stmt.rs, 189, 37
syn, syn::stmt::parsing::parse_stmt, syn::ident::Ident, [FnPtrCreation], data/packages/syn/src, stmt.rs, 191, 31
syn, syn::stmt::parsing::parse_stmt, syn::token::Brace, [FnPtrCreation], data/packages/syn/src, stmt.rs, 193, 38
syn, syn::stmt::parsing::parse_stmt, syn::ident::Ident, [FnPtrCreation], data/packages/syn/src, stmt.rs, 210, 35
syn, syn::stmt::parsing::parse_stmt, syn::token::Brace, [FnPtrCreation], data/packages/syn/src, stmt.rs, 214, 33
syn, syn::stmt::parsing::parse_stmt, syn::token::Brace, [FnPtrCreation], data/packages/syn/src, stmt.rs, 222, 58
syn, syn::stmt::parsing::parse_stmt, syn::ident::Ident, [FnPtrCreation], data/packages/syn/src, stmt.rs, 232, 56
syn, syn::ty::parsing::ambig_ty, syn::token::Group, [FnPtrCreation], data/packages/syn/src, ty.rs, 302, 22
syn, syn::ty::parsing::ambig_ty, syn::ident::Ident, [FnPtrCreation], data/packages/syn/src, ty.rs, 342, 31
syn, syn::ty::parsing::ambig_ty, syn::token::Paren, [FnPtrCreation], data/packages/syn/src, ty.rs, 356, 26
syn, syn::ty::parsing::ambig_ty, syn::lifetime::Lifetime, [FnPtrCreation], data/packages/syn/src, ty.rs, 365, 28
syn, syn::ty::parsing::ambig_ty, syn::ident::Ident, [FnPtrCreation], data/packages/syn/src, ty.rs, 467, 33
syn, syn::ty::parsing::ambig_ty, syn::lifetime::Lifetime, [FnPtrCreation], data/packages/syn/src, ty.rs, 507, 42
syn, syn::ty::parsing::ambig_ty, syn::token::Paren, [FnPtrCreation], data/packages/syn/src, ty.rs, 508, 42
syn, syn::ty::parsing::ambig_ty, syn::token::Bracket, [FnPtrCreation], data/packages/syn/src, ty.rs, 535, 33
syn, syn::ty::parsing::ambig_ty, syn::lifetime::Lifetime, [FnPtrCreation], data/packages/syn/src, ty.rs, 562, 33
syn, syn::ty::parsing::TypePtr::parse, syn::ty::parsing::Type::without_plus, [FnPtrCreation], data/packages/syn/src, ty.rs, 611, 42
syn, syn::ty::parsing::TypeReference::parse, syn::ty::parsing::Type::without_plus, [FnPtrCreation], data/packages/syn/src, ty.rs, 624, 42
syn, syn::ty::parsing::TypeBareFn::parse, syn::attr::Attribute::parse_outer, [FnPtrCreation], data/packages/syn/src, ty.rs, 645, 46
syn, syn::ty::parsing::TypeBareFn::parse, syn::ident::Ident, [FnPtrCreation], data/packages/syn/src, ty.rs, 649, 45
syn, syn::ty::parsing::TypeBareFn::parse, syn::ty::parsing::ReturnType::without_plus, [FnPtrCreation], data/packages/syn/src, ty.rs, 671, 35
syn, syn::ty::parsing::parse_bare_fn_arg, syn::attr::Attribute::parse_outer, [FnPtrCreation], data/packages/syn/src, ty.rs, 910, 31
syn, syn::ty::parsing::parse_bare_fn_arg, syn::ident::Ident, [FnPtrCreation], data/packages/syn/src, ty.rs, 920, 38
syn, syn::ty::parsing::parse_bare_fn_arg, syn::ext::Ident::parse_any, [FnPtrCreation], data/packages/syn/src, ty.rs, 926, 34
syn, syn::ty::parsing::parse_bare_variadic, syn::ident::Ident, [FnPtrCreation], data/packages/syn/src, ty.rs, 960, 32
syn, syn::ty::parsing::parse_bare_variadic, syn::ext::Ident::parse_any, [FnPtrCreation], data/packages/syn/src, ty.rs, 961, 38
rand_core, rand_core::error::Error::raw_os_error, std::io::error::Error::raw_os_error, std::io, data/packages/rand_core/src, error.rs, 91, 25
rand_core, rand_core::error::Error::from, std::io::error::Error::from_raw_os_error, std::io, data/packages/rand_core/src, error.rs, 198, 12
rand_core, rand_core::error::Error::from, std::io::error::Error::new, std::io, data/packages/rand_core/src, error.rs, 200, 12
rand_core, rand_core::impls::as_byte_slice, core::slice::raw::from_raw_parts, [UnsafeCall], data/packages/rand_core/src, impls.rs, 70, 17
rand_core, rand_core::impls::as_byte_slice, core::slice::raw::from_raw_parts, [UnsafeCall], data/packages/rand_core/src, impls.rs, 81, 17
libc, libc::fuchsia::mod::__CMSG_NEXT, __CMSG_LEN, [UnsafeCall], data/packages/libc/src/fuchsia, mod.rs, 3334, 26
libc, libc::fuchsia::mod::__CMSG_NEXT, UNKNOWN_METHOD::offset, [UnsafeCall], data/packages/libc/src/fuchsia, mod.rs, 3334, 19
libc, libc::fuchsia::mod::__MHDR_END, UNKNOWN_METHOD::offset, [UnsafeCall], data/packages/libc/src/fuchsia, mod.rs, 3338, 33
libc, libc::unix::haiku::native::get_cpu_info, core::mem::size_of, [UnsafeCall], data/packages/libc/src/unix/haiku, native.rs, 1236, 8
libc, libc::unix::haiku::native::get_cpu_info, _get_cpu_info_etc, [FFI], data/packages/libc/src/unix/haiku, native.rs, 1232, 4
libc, libc::unix::haiku::native::get_area_info, core::mem::size_of, [UnsafeCall], data/packages/libc/src/unix/haiku, native.rs, 1242, 29
libc, libc::unix::haiku::native::get_area_info, _get_area_info, [FFI], data/packages/libc/src/unix/haiku, native.rs, 1242, 4
libc, libc::unix::haiku::native::get_next_area_info, core::mem::size_of, [UnsafeCall], data/packages/libc/src/unix/haiku, native.rs, 1255, 8
libc, libc::unix::haiku::native::get_next_area_info, _get_next_area_info, [FFI], data/packages/libc/src/unix/haiku, native.rs, 1251, 4
libc, libc::unix::haiku::native::get_port_info, core::mem::size_of, [UnsafeCall], data/packages/libc/src/unix/haiku, native.rs, 1261, 30
libc, libc::unix::haiku::native::get_port_info, _get_port_info, [FFI], data/packages/libc/src/unix/haiku, native.rs, 1261, 4
libc, libc::unix::haiku::native::get_next_port_info, core::mem::size_of, [UnsafeCall], data/packages/libc/src/unix/haiku, native.rs, 1274, 8
libc, libc::unix::haiku::native::get_next_port_info, _get_next_port_info, [FFI], data/packages/libc/src/unix/haiku, native.rs, 1270, 4
libc, libc::unix::haiku::native::get_port_message_info_etc, core::mem::size_of, [UnsafeCall], data/packages/libc/src/unix/haiku, native.rs, 1288, 8
libc, libc::unix::haiku::native::get_port_message_info_etc, _get_port_message_info_etc, [FFI], data/packages/libc/src/unix/haiku, native.rs, 1285, 4
libc, libc::unix::haiku::native::get_sem_info, core::mem::size_of, [UnsafeCall], data/packages/libc/src/unix/haiku, native.rs, 1296, 28
libc, libc::unix::haiku::native::get_sem_info, _get_sem_info, [FFI], data/packages/libc/src/unix/haiku, native.rs, 1296, 4
libc, libc::unix::haiku::native::get_next_sem_info, core::mem::size_of, [UnsafeCall], data/packages/libc/src/unix/haiku, native.rs, 1305, 8
libc, libc::unix::haiku::native::get_next_sem_info, _get_next_sem_info, [FFI], data/packages/libc/src/unix/haiku, native.rs, 1301, 4
libc, libc::unix::haiku::native::get_team_info, core::mem::size_of, [UnsafeCall], data/packages/libc/src/unix/haiku, native.rs, 1311, 31
libc, libc::unix::haiku::native::get_team_info, _get_team_info, [FFI], data/packages/libc/src/unix/haiku, native.rs, 1311, 4
libc, libc::unix::haiku::native::get_next_team_info, core::mem::size_of, [UnsafeCall], data/packages/libc/src/unix/haiku, native.rs, 1316, 38
libc, libc::unix::haiku::native::get_next_team_info, _get_next_team_info, [FFI], data/packages/libc/src/unix/haiku, native.rs, 1316, 4
libc, libc::unix::haiku::native::get_team_usage_info, core::mem::size_of, [UnsafeCall], data/packages/libc/src/unix/haiku, native.rs, 1325, 8
libc, libc::unix::haiku::native::get_team_usage_info, _get_team_usage_info, [FFI], data/packages/libc/src/unix/haiku, native.rs, 1321, 4
libc, libc::unix::haiku::native::get_thread_info, core::mem::size_of, [UnsafeCall], data/packages/libc/src/unix/haiku, native.rs, 1331, 31
libc, libc::unix::haiku::native::get_thread_info, _get_thread_info, [FFI], data/packages/libc/src/unix/haiku, native.rs, 1331, 4
libc, libc::unix::haiku::native::get_next_thread_info, core::mem::size_of, [UnsafeCall], data/packages/libc/src/unix/haiku, native.rs, 1344, 8
libc, libc::unix::haiku::native::get_next_thread_info, _get_next_thread_info, [FFI], data/packages/libc/src/unix/haiku, native.rs, 1340, 4
libc, libc::unix::haiku::native::get_image_info, core::mem::size_of, [UnsafeCall], data/packages/libc/src/unix/haiku, native.rs, 1351, 33
libc, libc::unix::haiku::native::get_image_info, _get_image_info, [FFI], data/packages/libc/src/unix/haiku, native.rs, 1351, 4
libc, libc::unix::haiku::native::get_next_image_info, core::mem::size_of, [UnsafeCall], data/packages/libc/src/unix/haiku, native.rs, 1364, 8
libc, libc::unix::haiku::native::get_next_image_info, _get_next_image_info, [FFI], data/packages/libc/src/unix/haiku, native.rs, 1360, 4
libc, libc::unix::nto::mod::atexit, __cxa_atexit, [FFI], data/packages/libc/src/unix/nto, mod.rs, 3220, 4
libc, libc::unix::solarish::compat::cfsetspeed, cfsetispeed, [UnsafeCall], data/packages/libc/src/unix/solarish, compat.rs, 38, 4
libc, libc::unix::solarish::compat::cfsetspeed, cfsetospeed, [UnsafeCall], data/packages/libc/src/unix/solarish, compat.rs, 39, 4
libc, libc::unix::solarish::compat::bail, ___errno, [UnsafeCall], data/packages/libc/src/unix/solarish, compat.rs, 44, 13
libc, libc::unix::solarish::compat::bail, close, [UnsafeCall], data/packages/libc/src/unix/solarish, compat.rs, 46, 8
libc, libc::unix::solarish::compat::bail, close, [UnsafeCall], data/packages/libc/src/unix/solarish, compat.rs, 49, 8
libc, libc::unix::solarish::compat::bail, ___errno, [UnsafeCall], data/packages/libc/src/unix/solarish, compat.rs, 51, 5
libc, libc::unix::solarish::compat::openpty, posix_openpt, [UnsafeCall], data/packages/libc/src/unix/solarish, compat.rs, 64, 14
libc, libc::unix::solarish::compat::openpty, grantpt, [UnsafeCall], data/packages/libc/src/unix/solarish, compat.rs, 70, 7
libc, libc::unix::solarish::compat::openpty, unlockpt, [UnsafeCall], data/packages/libc/src/unix/solarish, compat.rs, 70, 29
libc, libc::unix::solarish::compat::openpty, bail, [UnsafeCall], data/packages/libc/src/unix/solarish, compat.rs, 71, 15
libc, libc::unix::solarish::compat::openpty, ptsname, [UnsafeCall], data/packages/libc/src/unix/solarish, compat.rs, 75, 21
libc, libc::unix::solarish::compat::openpty, UNKNOWN_METHOD::is_null, [UnsafeCall], data/packages/libc/src/unix/solarish, compat.rs, 76, 18
libc, libc::unix::solarish::compat::openpty, bail, [UnsafeCall], data/packages/libc/src/unix/solarish, compat.rs, 77, 15
libc, libc::unix::solarish::compat::openpty, open, [UnsafeCall], data/packages/libc/src/unix/solarish, compat.rs, 82, 14
libc, libc::unix::solarish::compat::openpty, bail, [UnsafeCall], data/packages/libc/src/unix/solarish, compat.rs, 84, 15
libc, libc::unix::solarish::compat::openpty, UNKNOWN_METHOD::as_ptr, [UnsafeCall], data/packages/libc/src/unix/solarish, compat.rs, 88, 44
libc, libc::unix::solarish::compat::openpty, ioctl, [UnsafeCall], data/packages/libc/src/unix/solarish, compat.rs, 88, 16
libc, libc::unix::solarish::compat::openpty, bail, [UnsafeCall], data/packages/libc/src/unix/solarish, compat.rs, 90, 15
libc, libc::unix::solarish::compat::openpty, UNKNOWN_METHOD::as_ptr, [UnsafeCall], data/packages/libc/src/unix/solarish, compat.rs, 94, 37
libc, libc::unix::solarish::compat::openpty, ioctl, [UnsafeCall], data/packages/libc/src/unix/solarish, compat.rs, 94, 11
libc, libc::unix::solarish::compat::openpty, UNKNOWN_METHOD::as_ptr, [UnsafeCall], data/packages/libc/src/unix/solarish, compat.rs, 94, 82
libc, libc::unix::solarish::compat::openpty, ioctl, [UnsafeCall], data/packages/libc/src/unix/solarish, compat.rs, 94, 54
libc, libc::unix::solarish::compat::openpty, bail, [UnsafeCall], data/packages/libc/src/unix/solarish, compat.rs, 95, 19
libc, libc::unix::solarish::compat::openpty, UNKNOWN_METHOD::is_null, [UnsafeCall], data/packages/libc/src/unix/solarish, compat.rs, 100, 14
libc, libc::unix::solarish::compat::openpty, tcsetattr, [UnsafeCall], data/packages/libc/src/unix/solarish, compat.rs, 100, 27
libc, libc::unix::solarish::compat::openpty, bail, [UnsafeCall], data/packages/libc/src/unix/solarish, compat.rs, 101, 15
libc, libc::unix::solarish::compat::openpty, UNKNOWN_METHOD::is_null, [UnsafeCall], data/packages/libc/src/unix/solarish, compat.rs, 105, 13
libc, libc::unix::solarish::compat::openpty, ioctl, [UnsafeCall], data/packages/libc/src/unix/solarish, compat.rs, 105, 26
libc, libc::unix::solarish::compat::openpty, bail, [UnsafeCall], data/packages/libc/src/unix/solarish, compat.rs, 106, 15
libc, libc::unix::solarish::compat::openpty, UNKNOWN_METHOD::is_null, [UnsafeCall], data/packages/libc/src/unix/solarish, compat.rs, 114, 13
libc, libc::unix::solarish::compat::openpty, strcpy, [UnsafeCall], data/packages/libc/src/unix/solarish, compat.rs, 115, 8
libc, libc::unix::solarish::compat::forkpty, openpty, [UnsafeCall], data/packages/libc/src/unix/solarish, compat.rs, 131, 7
libc, libc::unix::solarish::compat::forkpty, fork, [UnsafeCall], data/packages/libc/src/unix/solarish, compat.rs, 135, 14
libc, libc::unix::solarish::compat::forkpty, bail, [UnsafeCall], data/packages/libc/src/unix/solarish, compat.rs, 137, 15
libc, libc::unix::solarish::compat::forkpty, close, [UnsafeCall], data/packages/libc/src/unix/solarish, compat.rs, 141, 8
libc, libc::unix::solarish::compat::forkpty, close, [UnsafeCall], data/packages/libc/src/unix/solarish, compat.rs, 148, 4
libc, libc::unix::solarish::compat::forkpty, setsid, [UnsafeCall], data/packages/libc/src/unix/solarish, compat.rs, 154, 7
libc, libc::unix::solarish::compat::forkpty, ioctl, [UnsafeCall], data/packages/libc/src/unix/solarish, compat.rs, 155, 11
libc, libc::unix::solarish::compat::forkpty, dup2, [UnsafeCall], data/packages/libc/src/unix/solarish, compat.rs, 156, 11
libc, libc::unix::solarish::compat::forkpty, dup2, [UnsafeCall], data/packages/libc/src/unix/solarish, compat.rs, 157, 11
libc, libc::unix::solarish::compat::forkpty, dup2, [UnsafeCall], data/packages/libc/src/unix/solarish, compat.rs, 158, 11
libc, libc::unix::solarish::compat::forkpty, _exit, [UnsafeCall], data/packages/libc/src/unix/solarish, compat.rs, 163, 8
libc, libc::unix::solarish::compat::forkpty, close, [UnsafeCall], data/packages/libc/src/unix/solarish, compat.rs, 168, 8
libc, libc::unix::solarish::compat::getpwent_r, ___errno, [UnsafeCall], data/packages/libc/src/unix/solarish, compat.rs, 180, 21
libc, libc::unix::solarish::compat::getpwent_r, ___errno, [UnsafeCall], data/packages/libc/src/unix/solarish, compat.rs, 181, 5
libc, libc::unix::solarish::compat::getpwent_r, c_int::max_value, [UnsafeCall], data/packages/libc/src/unix/solarish, compat.rs, 185, 20
libc, libc::unix::solarish::compat::getpwent_r, core::cmp::min, [UnsafeCall], data/packages/libc/src/unix/solarish, compat.rs, 185, 8
libc, libc::unix::solarish::compat::getpwent_r, native_getpwent_r, [UnsafeCall], data/packages/libc/src/unix/solarish, compat.rs, 182, 14
libc, libc::unix::solarish::compat::getpwent_r, UNKNOWN_METHOD::is_null, [UnsafeCall], data/packages/libc/src/unix/solarish, compat.rs, 188, 27
libc, libc::unix::solarish::compat::getpwent_r, ___errno, [UnsafeCall], data/packages/libc/src/unix/solarish, compat.rs, 189, 9
libc, libc::unix::solarish::compat::getpwent_r, ___errno, [UnsafeCall], data/packages/libc/src/unix/solarish, compat.rs, 193, 5
libc, libc::unix::solarish::compat::getgrent_r, ___errno, [UnsafeCall], data/packages/libc/src/unix/solarish, compat.rs, 204, 21
libc, libc::unix::solarish::compat::getgrent_r, ___errno, [UnsafeCall], data/packages/libc/src/unix/solarish, compat.rs, 205, 5
libc, libc::unix::solarish::compat::getgrent_r, c_int::max_value, [UnsafeCall], data/packages/libc/src/unix/solarish, compat.rs, 209, 20
libc, libc::unix::solarish::compat::getgrent_r, core::cmp::min, [UnsafeCall], data/packages/libc/src/unix/solarish, compat.rs, 209, 8
libc, libc::unix::solarish::compat::getgrent_r, native_getgrent_r, [UnsafeCall], data/packages/libc/src/unix/solarish, compat.rs, 206, 14
libc, libc::unix::solarish::compat::getgrent_r, UNKNOWN_METHOD::is_null, [UnsafeCall], data/packages/libc/src/unix/solarish, compat.rs, 212, 27
libc, libc::unix::solarish::compat::getgrent_r, ___errno, [UnsafeCall], data/packages/libc/src/unix/solarish, compat.rs, 213, 9
libc, libc::unix::solarish::compat::getgrent_r, ___errno, [UnsafeCall], data/packages/libc/src/unix/solarish, compat.rs, 217, 5
libc, libc::unix::solarish::mod::siginfo_t::si_addr, UNKNOWN_METHOD::sidata, [UnsafeCall], data/packages/libc/src/unix/solarish, mod.rs, 1085, 42
libc, libc::unix::solarish::mod::siginfo_t::si_uid, UNKNOWN_METHOD::sidata, [UnsafeCall], data/packages/libc/src/unix/solarish, mod.rs, 1089, 38
libc, libc::unix::solarish::mod::siginfo_t::si_value, UNKNOWN_METHOD::sidata, [UnsafeCall], data/packages/libc/src/unix/solarish, mod.rs, 1093, 38
libc, libc::unix::solarish::mod::siginfo_t::si_pid, UNKNOWN_METHOD::sidata, [UnsafeCall], data/packages/libc/src/unix/solarish, mod.rs, 1097, 42
libc, libc::unix::solarish::mod::siginfo_t::si_status, UNKNOWN_METHOD::sidata, [UnsafeCall], data/packages/libc/src/unix/solarish, mod.rs, 1101, 42
libc, libc::unix::solarish::mod::siginfo_t::si_utime, UNKNOWN_METHOD::sidata, [UnsafeCall], data/packages/libc/src/unix/solarish, mod.rs, 1105, 42
libc, libc::unix::solarish::mod::siginfo_t::si_stime, UNKNOWN_METHOD::sidata, [UnsafeCall], data/packages/libc/src/unix/solarish, mod.rs, 1109, 42
libc, libc::vxworks::mod::posix_memalign, errnoGet, [FFI], data/packages/libc/src/vxworks, mod.rs, 1874, 16
libc, libc::vxworks::mod::posix_memalign, memalign, [FFI], data/packages/libc/src/vxworks, mod.rs, 1876, 19
libc, libc::vxworks::mod::posix_memalign, errnoSet, [FFI], data/packages/libc/src/vxworks, mod.rs, 1877, 8
libc, libc::vxworks::mod::posix_memalign, UNKNOWN_METHOD::is_null, [UnsafeCall], data/packages/libc/src/vxworks, mod.rs, 1879, 16
quote, quote::__private::mk_ident, proc_macro2::Span::call_site, [FnPtrCreation], data/packages/quote/src, runtime.rs, 441, 35
proc_macro2, proc_macro2::fallback::TokenStream::take_inner, core::ptr::read, [UnsafeCall], data/packages/proc-macro2/src, fallback.rs, 67, 17
proc_macro2, proc_macro2::fallback::SourceFile::path, std::path::PathBuf::clone, std::path, data/packages/proc-macro2/src, fallback.rs, 320, 18
proc_macro2, proc_macro2::Span::join, proc_macro2::Span::_new, [FnPtrCreation], data/packages/proc-macro2/src, lib.rs, 522, 41
proc_macro2, proc_macro2::Literal::subspan, proc_macro2::Span::_new, [FnPtrCreation], data/packages/proc-macro2/src, lib.rs, 1253, 38
proc_macro2, proc_macro2::Literal::from_str_unchecked, proc_macro2::fallback::Literal::from_str_unchecked, [UnsafeCall], data/packages/proc-macro2/src, lib.rs, 1262, 22
proc_macro2, proc_macro2::Literal::from_str, proc_macro2::Literal::_new, [FnPtrCreation], data/packages/proc-macro2/src, lib.rs, 1270, 25
proc_macro2, proc_macro2::wrapper::proc_macro_parse, std::panic::catch_unwind, std::panic, data/packages/proc-macro2/src, wrapper.rs, 120, 17
proc_macro2, proc_macro2::wrapper::Literal::from_str_unchecked, crate::detection::inside_proc_macro, [UnsafeCall], data/packages/proc-macro2/src, wrapper.rs, 828, 11
proc_macro2, proc_macro2::wrapper::Literal::from_str_unchecked, compiler_literal_from_str, [UnsafeCall], data/packages/proc-macro2/src, wrapper.rs, 829, 30
proc_macro2, proc_macro2::wrapper::Literal::from_str_unchecked, UNKNOWN_METHOD::expect, [UnsafeCall], data/packages/proc-macro2/src, wrapper.rs, 829, 62
proc_macro2, proc_macro2::wrapper::Literal::from_str_unchecked, Literal::Compiler, [UnsafeCall], data/packages/proc-macro2/src, wrapper.rs, 829, 12
proc_macro2, proc_macro2::wrapper::Literal::from_str_unchecked, crate::fallback::Literal::from_str_unchecked, [UnsafeCall], data/packages/proc-macro2/src, wrapper.rs, 831, 30
proc_macro2, proc_macro2::wrapper::Literal::from_str_unchecked, Literal::Fallback, [UnsafeCall], data/packages/proc-macro2/src, wrapper.rs, 831, 12
serde, serde::de::format::Buf::as_str, core::str::converts::from_utf8_unchecked, [UnsafeCall], data/packages/serde/src/de, format.rs, 16, 17
serde, serde::de::impls::PathVisitor::visit_borrowed_str, std::path::as_ref, std::path, data/packages/serde/src/de, impls.rs, 1642, 13
serde, serde::de::impls::PathVisitor::visit_borrowed_bytes, std::path::as_ref, [FnPtrCreation], data/packages/serde/src/de, impls.rs, 1650, 17
serde, serde::de::impls::PathBufVisitor::visit_str, std::path::PathBuf::from, std::path, data/packages/serde/src/de, impls.rs, 1680, 11
serde, serde::de::impls::PathBufVisitor::visit_string, std::path::PathBuf::from, std::path, data/packages/serde/src/de, impls.rs, 1687, 11
serde, serde::de::impls::PathBufVisitor::visit_bytes, std::path::PathBuf::from, [FnPtrCreation], data/packages/serde/src/de, impls.rs, 1695, 17
serde, serde::de::impls::PathBufVisitor::visit_byte_buf, std::path::PathBuf::from, [FnPtrCreation], data/packages/serde/src/de, impls.rs, 1704, 17
serde, serde::de::impls::OsStringVisitor::visit_enum, std::os::unix::ffi::os_str::OsString::from_vec, [FnPtrCreation], data/packages/serde/src/de, impls.rs, 1754, 63
serde, serde::de::impls::Cell::deserialize, core::cell::Cell::new, [FnPtrCreation], data/packages/serde/src/de, impls.rs, 1946, 41
serde, serde::de::value::U32Deserializer::variant_seed, serde::de::value::private::unit_only, [FnPtrCreation], data/packages/serde/src/de, value.rs, 384, 35
serde, serde::de::value::StrDeserializer::variant_seed, serde::de::value::private::unit_only, [FnPtrCreation], data/packages/serde/src/de, value.rs, 473, 35
serde, serde::de::value::BorrowedStrDeserializer::variant_seed, serde::de::value::private::unit_only, [FnPtrCreation], data/packages/serde/src/de, value.rs, 552, 35
serde, serde::de::value::StringDeserializer::variant_seed, serde::de::value::private::unit_only, [FnPtrCreation], data/packages/serde/src/de, value.rs, 654, 35
serde, serde::de::value::CowStrDeserializer::variant_seed, serde::de::value::private::unit_only, [FnPtrCreation], data/packages/serde/src/de, value.rs, 760, 35
serde, serde::__private::de::content::visit_content_seq, serde::__private::de::content::ContentDeserializer::new, [FnPtrCreation], data/packages/serde/src/private, de.rs, 1052, 42
serde, serde::__private::de::content::visit_content_seq_ref, serde::__private::de::content::ContentRefDeserializer::new, [FnPtrCreation], data/packages/serde/src/private, de.rs, 1798, 37
serde, serde::ser::impls::Ipv4Addr::serialize, core::str::converts::from_utf8_unchecked, [UnsafeCall], data/packages/serde/src/ser, impls.rs, 777, 31
serde, serde::ser::impls::Path::serialize, std::path::Path::to_str, std::path, data/packages/serde/src/ser, impls.rs, 868, 19
serde, serde::ser::impls::PathBuf::serialize, std::path::PathBuf::as_path, std::path, data/packages/serde/src/ser, impls.rs, 881, 13
serde, serde::ser::impls::OsStr::serialize, std::os::unix::ffi::os_str::OsStr::as_bytes, std::os, data/packages/serde/src/ser, impls.rs, 893, 73
serde, serde::ser::impls::OsString::serialize, std::ffi::os_str::OsString::as_os_str, std::ffi, data/packages/serde/src/ser, impls.rs, 913, 13
autocfg, autocfg::error::Error::fmt, std::io::error::Error::fmt, std::io, data/packages/autocfg/src, error.rs, 31, 38
autocfg, autocfg::AutoCfg::new, std::env::var_os, std::env, data/packages/autocfg/src, lib.rs, 141, 14
autocfg, autocfg::AutoCfg::with_dir, std::env::var_os, std::env, data/packages/autocfg/src, lib.rs, 156, 20
autocfg, autocfg::AutoCfg::with_dir, std::env::var_os, std::env, data/packages/autocfg/src, lib.rs, 160, 21
autocfg, autocfg::AutoCfg::with_dir, std::fs::Metadata::is_dir, std::fs, data/packages/autocfg/src, lib.rs, 165, 17
autocfg, autocfg::AutoCfg::with_dir, std::fs::Metadata::permissions, std::fs, data/packages/autocfg/src, lib.rs, 165, 34
autocfg, autocfg::AutoCfg::with_dir, std::fs::Permissions::readonly, std::fs, data/packages/autocfg/src, lib.rs, 165, 48
autocfg, autocfg::AutoCfg::with_dir, std::io::stdio::stderr, std::io, data/packages/autocfg/src, lib.rs, 185, 16
autocfg, autocfg::AutoCfg::with_dir, std::io::stdio::Stderr::write_all, std::io, data/packages/autocfg/src, lib.rs, 185, 25
autocfg, autocfg::AutoCfg::probe, std::process::Command::new, std::process, data/packages/autocfg/src, lib.rs, 210, 26
autocfg, autocfg::AutoCfg::probe, std::process::Command::arg, std::process, data/packages/autocfg/src, lib.rs, 212, 13
autocfg, autocfg::AutoCfg::probe, std::process::Command::arg, std::process, data/packages/autocfg/src, lib.rs, 213, 13
autocfg, autocfg::AutoCfg::probe, std::process::Command::arg, std::process, data/packages/autocfg/src, lib.rs, 214, 13
autocfg, autocfg::AutoCfg::probe, std::process::Command::arg, std::process, data/packages/autocfg/src, lib.rs, 215, 13
autocfg, autocfg::AutoCfg::probe, std::process::Command::arg, std::process, data/packages/autocfg/src, lib.rs, 216, 13
autocfg, autocfg::AutoCfg::probe, std::process::Command::arg, std::process, data/packages/autocfg/src, lib.rs, 217, 13
autocfg, autocfg::AutoCfg::probe, std::process::Command::arg, std::process, data/packages/autocfg/src, lib.rs, 220, 20
autocfg, autocfg::AutoCfg::probe, std::process::Command::arg, std::process, data/packages/autocfg/src, lib.rs, 220, 36
autocfg, autocfg::AutoCfg::probe, std::process::Command::args, std::process, data/packages/autocfg/src, lib.rs, 223, 16
autocfg, autocfg::AutoCfg::probe, std::process::Command::arg, std::process, data/packages/autocfg/src, lib.rs, 225, 16
autocfg, autocfg::AutoCfg::probe, std::process::Stdio::piped, std::process, data/packages/autocfg/src, lib.rs, 225, 31
autocfg, autocfg::AutoCfg::probe, std::process::Command::stdin, std::process, data/packages/autocfg/src, lib.rs, 225, 25
autocfg, autocfg::AutoCfg::probe, std::process::ExitStatus::success, std::process, data/packages/autocfg/src, lib.rs, 236, 18
autocfg, autocfg::dir_contains_target, std::path::Path::to_str, std::path, data/packages/autocfg/src, lib.rs, 400, 16
autocfg, autocfg::dir_contains_target, std::path::PathBuf::from, [FnPtrCreation], data/packages/autocfg/src, lib.rs, 402, 25
autocfg, autocfg::dir_contains_target, std::path::PathBuf::from, std::path, data/packages/autocfg/src, lib.rs, 403, 39
autocfg, autocfg::dir_contains_target, CLOSURE::data::packages::autocfg::src::lib::403::36, [ClosureCreation], data/packages/autocfg/src, lib.rs, 403, 36
autocfg, autocfg::dir_contains_target, std::path::PathBuf::push, std::path, data/packages/autocfg/src, lib.rs, 404, 33
autocfg, autocfg::dir_contains_target, std::path::Path::to_str, std::path, data/packages/autocfg/src, lib.rs, 407, 21
autocfg, autocfg::dir_contains_target, CLOSURE::data::packages::autocfg::src::lib::400::34, [ClosureCreation], data/packages/autocfg/src, lib.rs, 400, 34
autocfg, autocfg::dir_contains_target, CLOSURE::data::packages::autocfg::src::lib::399::18, [ClosureCreation], data/packages/autocfg/src, lib.rs, 399, 18
autocfg, autocfg::rustflags, std::env::var, std::env, data/packages/autocfg/src, lib.rs, 420, 19
autocfg, autocfg::rustflags, alloc::string::to_string, [FnPtrCreation], data/packages/autocfg/src, lib.rs, 424, 32
autocfg, autocfg::rustflags, std::env::var_os, std::env, data/packages/autocfg/src, lib.rs, 437, 18
autocfg, autocfg::rustflags, std::env::var_os, std::env, data/packages/autocfg/src, lib.rs, 438, 44
autocfg, autocfg::rustflags, std::env::var, std::env, data/packages/autocfg/src, lib.rs, 440, 31
autocfg, autocfg::rustflags, core::str::trim, [FnPtrCreation], data/packages/autocfg/src, lib.rs, 445, 21
autocfg, autocfg::rustflags, alloc::string::to_string, [FnPtrCreation], data/packages/autocfg/src, lib.rs, 447, 21
autocfg, autocfg::tests::super::AutoCfg::for_test, std::env::var_os, std::env, data/packages/autocfg/src, tests.rs, 20, 14
autocfg, autocfg::version::Version::from_rustc, std::process::ExitStatus::success, std::process, data/packages/autocfg/src, version.rs, 31, 26
