crate, pattern of interest, directory, file, use line
proc-macro2, std::path, experiments/packages/proc-macro2/src, lib.rs, std::path::PathBuf;
proc-macro2, std::path, experiments/packages/proc-macro2/src, wrapper.rs, std::path::PathBuf;
proc-macro2, std::path, experiments/packages/proc-macro2/src, fallback.rs, std::path::Path;
proc-macro2, std::path, experiments/packages/proc-macro2/src, fallback.rs, std::path::PathBuf;
autocfg, std::path, experiments/packages/autocfg/src, version.rs, std::path::Path;
autocfg, std::process, experiments/packages/autocfg/src, version.rs, std::process::Command;
autocfg, std::env, experiments/packages/autocfg/src, lib.rs, std::env;
autocfg, std::fs, experiments/packages/autocfg/src, lib.rs, std::fs;
autocfg, std::path, experiments/packages/autocfg/src, lib.rs, std::path::Path
autocfg, std::path, experiments/packages/autocfg/src, lib.rs, std::path::PathBuf
autocfg, std::process, experiments/packages/autocfg/src, lib.rs, std::process::Command
autocfg, std::process, experiments/packages/autocfg/src, lib.rs, std::process::Stdio
autocfg, std::env, experiments/packages/autocfg/src, tests.rs, std::env;
autocfg, std::path, experiments/packages/autocfg/src, tests.rs, std::path::Path;
cc, std::os, experiments/packages/cc/src, registry.rs, std::os::raw;
cc, std::os, experiments/packages/cc/src, registry.rs, std::os::windows::prelude::*;
cc, std::path, experiments/packages/cc/src, vs_instances.rs, std::path::PathBuf;
cc, std::env, experiments/packages/cc/src, lib.rs, std::env;
cc, std::fs, experiments/packages/cc/src, lib.rs, std::fs;
cc, std::path, experiments/packages/cc/src, lib.rs, std::path::Component
cc, std::path, experiments/packages/cc/src, lib.rs, std::path::Path
cc, std::path, experiments/packages/cc/src, lib.rs, std::path::PathBuf
cc, std::process, experiments/packages/cc/src, lib.rs, std::process::Child
cc, std::process, experiments/packages/cc/src, lib.rs, std::process::Command
cc, std::process, experiments/packages/cc/src, lib.rs, std::process::Stdio
cc, std::process, experiments/packages/cc/src, windows_registry.rs, std::process::Command;
cc, std::os, experiments/packages/cc/src, com.rs, std::os::windows::ffi::OsStrExt
cc, std::os, experiments/packages/cc/src, com.rs, std::os::windows::ffi::OsStringExt
cc, std::os, experiments/packages/cc/src, winapi.rs, std::os::raw;
cc, std::env, experiments/packages/cc/src/bin, gcc-shim.rs, std::env;
cc, std::fs, experiments/packages/cc/src/bin, gcc-shim.rs, std::fs::File;
cc, std::path, experiments/packages/cc/src/bin, gcc-shim.rs, std::path::PathBuf;
version_check, std::env, experiments/packages/version_check/src, lib.rs, std::env;
version_check, std::process, experiments/packages/version_check/src, lib.rs, std::process::Command;
clap, std::env, experiments/packages/clap/src/builder, command.rs, std::env;
clap, std::path, experiments/packages/clap/src/builder, command.rs, std::path::Path;
clap, std::env, experiments/packages/clap/src/builder, arg.rs, std::env;
num_cpus, std::fs, experiments/packages/num_cpus/src, linux.rs, std::fs::File;
num_cpus, std::path, experiments/packages/num_cpus/src, linux.rs, std::path::Path
num_cpus, std::path, experiments/packages/num_cpus/src, linux.rs, std::path::PathBuf
url, std::net, experiments/packages/url/src, host.rs, std::net::Ipv4Addr
url, std::net, experiments/packages/url/src, host.rs, std::net::Ipv6Addr
url, std::net, experiments/packages/url/src, lib.rs, std::net::IpAddr
url, std::net, experiments/packages/url/src, lib.rs, std::net::SocketAddr
url, std::net, experiments/packages/url/src, lib.rs, std::net::ToSocketAddrs
url, std::path, experiments/packages/url/src, lib.rs, std::path::Path
url, std::path, experiments/packages/url/src, lib.rs, std::path::PathBuf
mio, std::os, experiments/packages/mio/src, io_source.rs, std::os::unix::io::AsRawFd;
mio, std::os, experiments/packages/mio/src, io_source.rs, std::os::wasi::io::AsRawFd;
mio, std::os, experiments/packages/mio/src, io_source.rs, std::os::windows::io::AsRawSocket;
mio, std::os, experiments/packages/mio/src, poll.rs, std::os::unix::io::AsRawFd
mio, std::os, experiments/packages/mio/src, poll.rs, std::os::unix::io::RawFd
mio, std::net, experiments/packages/mio/src/net, udp.rs, std::net;
mio, std::net, experiments/packages/mio/src/net, udp.rs, std::net::Ipv4Addr
mio, std::net, experiments/packages/mio/src/net, udp.rs, std::net::Ipv6Addr
mio, std::net, experiments/packages/mio/src/net, udp.rs, std::net::SocketAddr
mio, std::os, experiments/packages/mio/src/net, udp.rs, std::os::unix::io::AsRawFd
mio, std::os, experiments/packages/mio/src/net, udp.rs, std::os::unix::io::FromRawFd
mio, std::os, experiments/packages/mio/src/net, udp.rs, std::os::unix::io::IntoRawFd
mio, std::os, experiments/packages/mio/src/net, udp.rs, std::os::unix::io::RawFd
mio, std::os, experiments/packages/mio/src/net, udp.rs, std::os::windows::io::AsRawSocket
mio, std::os, experiments/packages/mio/src/net, udp.rs, std::os::windows::io::FromRawSocket
mio, std::os, experiments/packages/mio/src/net, udp.rs, std::os::windows::io::IntoRawSocket
mio, std::os, experiments/packages/mio/src/net, udp.rs, std::os::windows::io::RawSocket
mio, std::net, experiments/packages/mio/src/net/tcp, stream.rs, std::net::self
mio, std::net, experiments/packages/mio/src/net/tcp, stream.rs, std::net::Shutdown
mio, std::net, experiments/packages/mio/src/net/tcp, stream.rs, std::net::SocketAddr
mio, std::os, experiments/packages/mio/src/net/tcp, stream.rs, std::os::unix::io::AsRawFd
mio, std::os, experiments/packages/mio/src/net/tcp, stream.rs, std::os::unix::io::FromRawFd
mio, std::os, experiments/packages/mio/src/net/tcp, stream.rs, std::os::unix::io::IntoRawFd
mio, std::os, experiments/packages/mio/src/net/tcp, stream.rs, std::os::unix::io::RawFd
mio, std::os, experiments/packages/mio/src/net/tcp, stream.rs, std::os::wasi::io::AsRawFd
mio, std::os, experiments/packages/mio/src/net/tcp, stream.rs, std::os::wasi::io::FromRawFd
mio, std::os, experiments/packages/mio/src/net/tcp, stream.rs, std::os::wasi::io::IntoRawFd
mio, std::os, experiments/packages/mio/src/net/tcp, stream.rs, std::os::wasi::io::RawFd
mio, std::os, experiments/packages/mio/src/net/tcp, stream.rs, std::os::windows::io::AsRawSocket
mio, std::os, experiments/packages/mio/src/net/tcp, stream.rs, std::os::windows::io::FromRawSocket
mio, std::os, experiments/packages/mio/src/net/tcp, stream.rs, std::os::windows::io::IntoRawSocket
mio, std::os, experiments/packages/mio/src/net/tcp, stream.rs, std::os::windows::io::RawSocket
mio, std::net, experiments/packages/mio/src/net/tcp, listener.rs, std::net::self
mio, std::net, experiments/packages/mio/src/net/tcp, listener.rs, std::net::SocketAddr
mio, std::os, experiments/packages/mio/src/net/tcp, listener.rs, std::os::unix::io::AsRawFd
mio, std::os, experiments/packages/mio/src/net/tcp, listener.rs, std::os::unix::io::FromRawFd
mio, std::os, experiments/packages/mio/src/net/tcp, listener.rs, std::os::unix::io::IntoRawFd
mio, std::os, experiments/packages/mio/src/net/tcp, listener.rs, std::os::unix::io::RawFd
mio, std::os, experiments/packages/mio/src/net/tcp, listener.rs, std::os::wasi::io::AsRawFd
mio, std::os, experiments/packages/mio/src/net/tcp, listener.rs, std::os::wasi::io::FromRawFd
mio, std::os, experiments/packages/mio/src/net/tcp, listener.rs, std::os::wasi::io::IntoRawFd
mio, std::os, experiments/packages/mio/src/net/tcp, listener.rs, std::os::wasi::io::RawFd
mio, std::os, experiments/packages/mio/src/net/tcp, listener.rs, std::os::windows::io::AsRawSocket
mio, std::os, experiments/packages/mio/src/net/tcp, listener.rs, std::os::windows::io::FromRawSocket
mio, std::os, experiments/packages/mio/src/net/tcp, listener.rs, std::os::windows::io::IntoRawSocket
mio, std::os, experiments/packages/mio/src/net/tcp, listener.rs, std::os::windows::io::RawSocket
mio, std::net, experiments/packages/mio/src/net/uds, stream.rs, std::net::Shutdown;
mio, std::os, experiments/packages/mio/src/net/uds, stream.rs, std::os::unix::io::AsRawFd
mio, std::os, experiments/packages/mio/src/net/uds, stream.rs, std::os::unix::io::FromRawFd
mio, std::os, experiments/packages/mio/src/net/uds, stream.rs, std::os::unix::io::IntoRawFd
mio, std::os, experiments/packages/mio/src/net/uds, stream.rs, std::os::unix::io::RawFd
mio, std::os, experiments/packages/mio/src/net/uds, stream.rs, std::os::unix::net;
mio, std::path, experiments/packages/mio/src/net/uds, stream.rs, std::path::Path;
mio, std::os, experiments/packages/mio/src/net/uds, listener.rs, std::os::unix::io::AsRawFd
mio, std::os, experiments/packages/mio/src/net/uds, listener.rs, std::os::unix::io::FromRawFd
mio, std::os, experiments/packages/mio/src/net/uds, listener.rs, std::os::unix::io::IntoRawFd
mio, std::os, experiments/packages/mio/src/net/uds, listener.rs, std::os::unix::io::RawFd
mio, std::os, experiments/packages/mio/src/net/uds, listener.rs, std::os::unix::net;
mio, std::path, experiments/packages/mio/src/net/uds, listener.rs, std::path::Path;
mio, std::net, experiments/packages/mio/src/net/uds, datagram.rs, std::net::Shutdown;
mio, std::os, experiments/packages/mio/src/net/uds, datagram.rs, std::os::unix::io::AsRawFd
mio, std::os, experiments/packages/mio/src/net/uds, datagram.rs, std::os::unix::io::FromRawFd
mio, std::os, experiments/packages/mio/src/net/uds, datagram.rs, std::os::unix::io::IntoRawFd
mio, std::os, experiments/packages/mio/src/net/uds, datagram.rs, std::os::unix::io::RawFd
mio, std::os, experiments/packages/mio/src/net/uds, datagram.rs, std::os::unix::net;
mio, std::path, experiments/packages/mio/src/net/uds, datagram.rs, std::path::Path;
mio, std::os, experiments/packages/mio/src/sys/shell, selector.rs, std::os::unix::io::AsRawFd
mio, std::os, experiments/packages/mio/src/sys/shell, selector.rs, std::os::unix::io::RawFd
mio, std::net, experiments/packages/mio/src/sys/shell, tcp.rs, std::net::self
mio, std::net, experiments/packages/mio/src/sys/shell, tcp.rs, std::net::SocketAddr
mio, std::net, experiments/packages/mio/src/sys/shell, udp.rs, std::net::self
mio, std::net, experiments/packages/mio/src/sys/shell, udp.rs, std::net::SocketAddr
mio, std::net, experiments/packages/mio/src/sys/unix, net.rs, std::net::Ipv4Addr
mio, std::net, experiments/packages/mio/src/sys/unix, net.rs, std::net::Ipv6Addr
mio, std::net, experiments/packages/mio/src/sys/unix, net.rs, std::net::SocketAddr
mio, std::net, experiments/packages/mio/src/sys/unix, net.rs, std::net::SocketAddrV4
mio, std::net, experiments/packages/mio/src/sys/unix, net.rs, std::net::SocketAddrV6
mio, std::os, experiments/packages/mio/src/sys/unix, sourcefd.rs, std::os::unix::io::RawFd;
mio, std::fs, experiments/packages/mio/src/sys/unix, pipe.rs, std::fs::File;
mio, std::os, experiments/packages/mio/src/sys/unix, pipe.rs, std::os::unix::io::AsRawFd
mio, std::os, experiments/packages/mio/src/sys/unix, pipe.rs, std::os::unix::io::FromRawFd
mio, std::os, experiments/packages/mio/src/sys/unix, pipe.rs, std::os::unix::io::IntoRawFd
mio, std::os, experiments/packages/mio/src/sys/unix, pipe.rs, std::os::unix::io::RawFd
mio, std::process, experiments/packages/mio/src/sys/unix, pipe.rs, std::process::ChildStderr
mio, std::process, experiments/packages/mio/src/sys/unix, pipe.rs, std::process::ChildStdin
mio, std::process, experiments/packages/mio/src/sys/unix, pipe.rs, std::process::ChildStdout
mio, std::net, experiments/packages/mio/src/sys/unix, tcp.rs, std::net::self
mio, std::net, experiments/packages/mio/src/sys/unix, tcp.rs, std::net::SocketAddr
mio, std::os, experiments/packages/mio/src/sys/unix, tcp.rs, std::os::unix::io::AsRawFd
mio, std::os, experiments/packages/mio/src/sys/unix, tcp.rs, std::os::unix::io::FromRawFd
mio, std::net, experiments/packages/mio/src/sys/unix, udp.rs, std::net::self
mio, std::net, experiments/packages/mio/src/sys/unix, udp.rs, std::net::SocketAddr
mio, std::os, experiments/packages/mio/src/sys/unix, udp.rs, std::os::unix::io::AsRawFd
mio, std::os, experiments/packages/mio/src/sys/unix, udp.rs, std::os::unix::io::FromRawFd
mio, std::os, experiments/packages/mio/src/sys/unix/selector, epoll.rs, std::os::unix::io::AsRawFd
mio, std::os, experiments/packages/mio/src/sys/unix/selector, epoll.rs, std::os::unix::io::RawFd
mio, std::os, experiments/packages/mio/src/sys/unix/selector, kqueue.rs, std::os::unix::io::AsRawFd
mio, std::os, experiments/packages/mio/src/sys/unix/selector, kqueue.rs, std::os::unix::io::RawFd
mio, std::os, experiments/packages/mio/src/sys/unix/uds, stream.rs, std::os::unix::io::AsRawFd
mio, std::os, experiments/packages/mio/src/sys/unix/uds, stream.rs, std::os::unix::io::FromRawFd
mio, std::os, experiments/packages/mio/src/sys/unix/uds, stream.rs, std::os::unix::net;
mio, std::path, experiments/packages/mio/src/sys/unix/uds, stream.rs, std::path::Path;
mio, std::os, experiments/packages/mio/src/sys/unix/uds, listener.rs, std::os::unix::io::AsRawFd
mio, std::os, experiments/packages/mio/src/sys/unix/uds, listener.rs, std::os::unix::io::FromRawFd
mio, std::os, experiments/packages/mio/src/sys/unix/uds, listener.rs, std::os::unix::net;
mio, std::path, experiments/packages/mio/src/sys/unix/uds, listener.rs, std::path::Path;
mio, std::os, experiments/packages/mio/src/sys/unix/uds, datagram.rs, std::os::unix::io::AsRawFd
mio, std::os, experiments/packages/mio/src/sys/unix/uds, datagram.rs, std::os::unix::io::FromRawFd
mio, std::os, experiments/packages/mio/src/sys/unix/uds, datagram.rs, std::os::unix::net;
mio, std::path, experiments/packages/mio/src/sys/unix/uds, datagram.rs, std::path::Path;
mio, std::os, experiments/packages/mio/src/sys/unix/uds, socketaddr.rs, std::os::unix::ffi::OsStrExt;
mio, std::path, experiments/packages/mio/src/sys/unix/uds, socketaddr.rs, std::path::Path;
mio, std::os, experiments/packages/mio/src/sys/windows, handle.rs, std::os::windows::io::RawHandle;
mio, std::os, experiments/packages/mio/src/sys/windows, selector.rs, std::os::windows::io::RawSocket;
mio, std::net, experiments/packages/mio/src/sys/windows, net.rs, std::net::SocketAddr;
mio, std::os, experiments/packages/mio/src/sys/windows, iocp.rs, std::os::windows::io::*;
mio, std::fs, experiments/packages/mio/src/sys/windows, afd.rs, std::fs::File;
mio, std::os, experiments/packages/mio/src/sys/windows, afd.rs, std::os::windows::io::AsRawHandle;
mio, std::net, experiments/packages/mio/src/sys/windows, tcp.rs, std::net::self
mio, std::net, experiments/packages/mio/src/sys/windows, tcp.rs, std::net::SocketAddr
mio, std::os, experiments/packages/mio/src/sys/windows, tcp.rs, std::os::windows::io::AsRawSocket;
mio, std::os, experiments/packages/mio/src/sys/windows, named_pipe.rs, std::os::windows::io::AsRawHandle
mio, std::os, experiments/packages/mio/src/sys/windows, named_pipe.rs, std::os::windows::io::FromRawHandle
mio, std::os, experiments/packages/mio/src/sys/windows, named_pipe.rs, std::os::windows::io::RawHandle
mio, std::net, experiments/packages/mio/src/sys/windows, udp.rs, std::net::self
mio, std::net, experiments/packages/mio/src/sys/windows, udp.rs, std::net::SocketAddr
mio, std::os, experiments/packages/mio/src/sys/windows, udp.rs, std::os::windows::io::AsRawSocket
mio, std::os, experiments/packages/mio/src/sys/windows, udp.rs, std::os::windows::io::FromRawSocket
mio, std::os, experiments/packages/mio/src/sys/windows, udp.rs, std::os::windows::raw::SOCKET as StdSocket;
tokio, std::net, experiments/packages/tokio/src/net, addr.rs, std::net::IpAddr
tokio, std::net, experiments/packages/tokio/src/net, addr.rs, std::net::Ipv4Addr
tokio, std::net, experiments/packages/tokio/src/net, addr.rs, std::net::Ipv6Addr
tokio, std::net, experiments/packages/tokio/src/net, addr.rs, std::net::SocketAddr
tokio, std::net, experiments/packages/tokio/src/net, addr.rs, std::net::SocketAddrV4
tokio, std::net, experiments/packages/tokio/src/net, addr.rs, std::net::SocketAddrV6
tokio, std::net, experiments/packages/tokio/src/net, udp.rs, std::net::self
tokio, std::net, experiments/packages/tokio/src/net, udp.rs, std::net::Ipv4Addr
tokio, std::net, experiments/packages/tokio/src/net, udp.rs, std::net::Ipv6Addr
tokio, std::net, experiments/packages/tokio/src/net, udp.rs, std::net::SocketAddr
tokio, std::net, experiments/packages/tokio/src/net/unix, stream.rs, std::net::Shutdown;
tokio, std::os, experiments/packages/tokio/src/net/unix, stream.rs, std::os::unix::io::AsRawFd
tokio, std::os, experiments/packages/tokio/src/net/unix, stream.rs, std::os::unix::io::FromRawFd
tokio, std::os, experiments/packages/tokio/src/net/unix, stream.rs, std::os::unix::io::IntoRawFd
tokio, std::os, experiments/packages/tokio/src/net/unix, stream.rs, std::os::unix::io::RawFd
tokio, std::os, experiments/packages/tokio/src/net/unix, stream.rs, std::os::unix::net;
tokio, std::path, experiments/packages/tokio/src/net/unix, stream.rs, std::path::Path;
tokio, std::os, experiments/packages/tokio/src/net/unix, listener.rs, std::os::unix::io::AsRawFd
tokio, std::os, experiments/packages/tokio/src/net/unix, listener.rs, std::os::unix::io::FromRawFd
tokio, std::os, experiments/packages/tokio/src/net/unix, listener.rs, std::os::unix::io::IntoRawFd
tokio, std::os, experiments/packages/tokio/src/net/unix, listener.rs, std::os::unix::io::RawFd
tokio, std::os, experiments/packages/tokio/src/net/unix, listener.rs, std::os::unix::net;
tokio, std::path, experiments/packages/tokio/src/net/unix, listener.rs, std::path::Path;
tokio, std::net, experiments/packages/tokio/src/net/unix, split_owned.rs, std::net::Shutdown;
tokio, std::path, experiments/packages/tokio/src/net/unix, socketaddr.rs, std::path::Path;
tokio, std::net, experiments/packages/tokio/src/net/unix, split.rs, std::net::Shutdown;
tokio, std::net, experiments/packages/tokio/src/net/unix/datagram, socket.rs, std::net::Shutdown;
tokio, std::os, experiments/packages/tokio/src/net/unix/datagram, socket.rs, std::os::unix::io::AsRawFd
tokio, std::os, experiments/packages/tokio/src/net/unix/datagram, socket.rs, std::os::unix::io::FromRawFd
tokio, std::os, experiments/packages/tokio/src/net/unix/datagram, socket.rs, std::os::unix::io::IntoRawFd
tokio, std::os, experiments/packages/tokio/src/net/unix/datagram, socket.rs, std::os::unix::io::RawFd
tokio, std::os, experiments/packages/tokio/src/net/unix/datagram, socket.rs, std::os::unix::net;
tokio, std::path, experiments/packages/tokio/src/net/unix/datagram, socket.rs, std::path::Path;
tokio, std::net, experiments/packages/tokio/src/net/tcp, stream.rs, std::net::Shutdown
tokio, std::net, experiments/packages/tokio/src/net/tcp, stream.rs, std::net::SocketAddr
tokio, std::net, experiments/packages/tokio/src/net/tcp, listener.rs, std::net::self
tokio, std::net, experiments/packages/tokio/src/net/tcp, listener.rs, std::net::SocketAddr
tokio, std::net, experiments/packages/tokio/src/net/tcp, socket.rs, std::net::SocketAddr;
tokio, std::os, experiments/packages/tokio/src/net/tcp, socket.rs, std::os::unix::io::AsRawFd
tokio, std::os, experiments/packages/tokio/src/net/tcp, socket.rs, std::os::unix::io::FromRawFd
tokio, std::os, experiments/packages/tokio/src/net/tcp, socket.rs, std::os::unix::io::IntoRawFd
tokio, std::os, experiments/packages/tokio/src/net/tcp, socket.rs, std::os::unix::io::RawFd
tokio, std::os, experiments/packages/tokio/src/net/tcp, socket.rs, std::os::windows::io::AsRawSocket
tokio, std::os, experiments/packages/tokio/src/net/tcp, socket.rs, std::os::windows::io::FromRawSocket
tokio, std::os, experiments/packages/tokio/src/net/tcp, socket.rs, std::os::windows::io::IntoRawSocket
tokio, std::os, experiments/packages/tokio/src/net/tcp, socket.rs, std::os::windows::io::RawSocket
tokio, std::net, experiments/packages/tokio/src/net/tcp, split_owned.rs, std::net::Shutdown
tokio, std::net, experiments/packages/tokio/src/net/tcp, split_owned.rs, std::net::SocketAddr
tokio, std::net, experiments/packages/tokio/src/net/tcp, split.rs, std::net::Shutdown
tokio, std::net, experiments/packages/tokio/src/net/tcp, split.rs, std::net::SocketAddr
tokio, std::os, experiments/packages/tokio/src/io, async_fd.rs, std::os::unix::io::AsRawFd
tokio, std::os, experiments/packages/tokio/src/io, async_fd.rs, std::os::unix::io::RawFd
tokio, std::os, experiments/packages/tokio/src/io/bsd, poll_aio.rs, std::os::unix::io::AsRawFd;
tokio, std::os, experiments/packages/tokio/src/io/bsd, poll_aio.rs, std::os::unix::prelude::RawFd;
tokio, std::process, experiments/packages/tokio/src/sync/mpsc, chan.rs, std::process;
tokio, std::path, experiments/packages/tokio/src/fs, copy.rs, std::path::Path;
tokio, std::fs, experiments/packages/tokio/src/fs, symlink_metadata.rs, std::fs::Metadata;
tokio, std::path, experiments/packages/tokio/src/fs, symlink_metadata.rs, std::path::Path;
tokio, std::path, experiments/packages/tokio/src/fs, read_link.rs, std::path::Path
tokio, std::path, experiments/packages/tokio/src/fs, read_link.rs, std::path::PathBuf
tokio, std::path, experiments/packages/tokio/src/fs, hard_link.rs, std::path::Path;
tokio, std::fs, experiments/packages/tokio/src/fs, metadata.rs, std::fs::Metadata;
tokio, std::path, experiments/packages/tokio/src/fs, metadata.rs, std::path::Path;
tokio, std::path, experiments/packages/tokio/src/fs, symlink_file.rs, std::path::Path;
tokio, std::path, experiments/packages/tokio/src/fs, rename.rs, std::path::Path;
tokio, std::path, experiments/packages/tokio/src/fs, create_dir_all.rs, std::path::Path;
tokio, std::path, experiments/packages/tokio/src/fs, symlink.rs, std::path::Path;
tokio, std::path, experiments/packages/tokio/src/fs, symlink_dir.rs, std::path::Path;
tokio, std::path, experiments/packages/tokio/src/fs, dir_builder.rs, std::path::Path;
tokio, std::path, experiments/packages/tokio/src/fs, remove_file.rs, std::path::Path;
tokio, std::path, experiments/packages/tokio/src/fs, remove_dir_all.rs, std::path::Path;
tokio, std::path, experiments/packages/tokio/src/fs, open_options.rs, std::path::Path;
tokio, std::fs, experiments/packages/tokio/src/fs, open_options.rs, std::fs::OpenOptions as StdOpenOptions;
tokio, std::fs, experiments/packages/tokio/src/fs, read_dir.rs, std::fs::FileType
tokio, std::fs, experiments/packages/tokio/src/fs, read_dir.rs, std::fs::Metadata
tokio, std::path, experiments/packages/tokio/src/fs, read_dir.rs, std::path::Path
tokio, std::path, experiments/packages/tokio/src/fs, read_dir.rs, std::path::PathBuf
tokio, std::path, experiments/packages/tokio/src/fs, remove_dir.rs, std::path::Path;
tokio, std::path, experiments/packages/tokio/src/fs, canonicalize.rs, std::path::Path
tokio, std::path, experiments/packages/tokio/src/fs, canonicalize.rs, std::path::PathBuf
tokio, std::path, experiments/packages/tokio/src/fs, create_dir.rs, std::path::Path;
tokio, std::fs, experiments/packages/tokio/src/fs, set_permissions.rs, std::fs::Permissions;
tokio, std::path, experiments/packages/tokio/src/fs, set_permissions.rs, std::path::Path;
tokio, std::fs, experiments/packages/tokio/src/fs, file.rs, std::fs::Metadata
tokio, std::fs, experiments/packages/tokio/src/fs, file.rs, std::fs::Permissions
tokio, std::path, experiments/packages/tokio/src/fs, file.rs, std::path::Path;
tokio, std::fs, experiments/packages/tokio/src/fs, file.rs, std::fs::File as StdFile;
tokio, std::os, experiments/packages/tokio/src/fs/open_options, mock_open_options.rs, std::os::unix::fs::OpenOptionsExt;
tokio, std::os, experiments/packages/tokio/src/fs/open_options, mock_open_options.rs, std::os::windows::fs::OpenOptionsExt;
tokio, std::os, experiments/packages/tokio/src/process, mod.rs, std::os::unix::process::CommandExt;
tokio, std::os, experiments/packages/tokio/src/process, mod.rs, std::os::windows::io::AsRawHandle
tokio, std::os, experiments/packages/tokio/src/process, mod.rs, std::os::windows::io::RawHandle
tokio, std::os, experiments/packages/tokio/src/process, mod.rs, std::os::windows::process::CommandExt;
tokio, std::path, experiments/packages/tokio/src/process, mod.rs, std::path::Path;
tokio, std::process, experiments/packages/tokio/src/process, mod.rs, std::process::CommandasStdCommand
tokio, std::process, experiments/packages/tokio/src/process, mod.rs, std::process::ExitStatus
tokio, std::process, experiments/packages/tokio/src/process, mod.rs, std::process::Output
tokio, std::process, experiments/packages/tokio/src/process, mod.rs, std::process::Stdio
tokio, std::fs, experiments/packages/tokio/src/process, windows.rs, std::fs::File as StdFile;
tokio, std::os, experiments/packages/tokio/src/process, windows.rs, std::os::windows::prelude::AsRawHandle
tokio, std::os, experiments/packages/tokio/src/process, windows.rs, std::os::windows::prelude::IntoRawHandle
tokio, std::os, experiments/packages/tokio/src/process, windows.rs, std::os::windows::prelude::RawHandle
tokio, std::process, experiments/packages/tokio/src/process, windows.rs, std::process::Stdio;
tokio, std::process, experiments/packages/tokio/src/process, windows.rs, std::process::ChildasStdChild
tokio, std::process, experiments/packages/tokio/src/process, windows.rs, std::process::CommandasStdCommand
tokio, std::process, experiments/packages/tokio/src/process, windows.rs, std::process::ExitStatus
tokio, std::process, experiments/packages/tokio/src/process/unix, reap.rs, std::process::ExitStatus;
tokio, std::process, experiments/packages/tokio/src/process/unix, orphan.rs, std::process::ExitStatus;
tokio, std::fs, experiments/packages/tokio/src/process/unix, mod.rs, std::fs::File;
tokio, std::os, experiments/packages/tokio/src/process/unix, mod.rs, std::os::unix::io::AsRawFd
tokio, std::os, experiments/packages/tokio/src/process/unix, mod.rs, std::os::unix::io::FromRawFd
tokio, std::os, experiments/packages/tokio/src/process/unix, mod.rs, std::os::unix::io::IntoRawFd
tokio, std::os, experiments/packages/tokio/src/process/unix, mod.rs, std::os::unix::io::RawFd
tokio, std::process, experiments/packages/tokio/src/process/unix, mod.rs, std::process::ChildasStdChild
tokio, std::process, experiments/packages/tokio/src/process/unix, mod.rs, std::process::ExitStatus
tokio, std::process, experiments/packages/tokio/src/process/unix, mod.rs, std::process::Stdio
rustc_version, std::process, experiments/packages/rustc_version/src, lib.rs, std::process::Command;
chrono, std::fs, experiments/packages/chrono/src/offset/local/tz_info, timezone.rs, std::fs::self
chrono, std::fs, experiments/packages/chrono/src/offset/local/tz_info, timezone.rs, std::fs::File
chrono, std::path, experiments/packages/chrono/src/offset/local/tz_info, timezone.rs, std::path::Path
chrono, std::path, experiments/packages/chrono/src/offset/local/tz_info, timezone.rs, std::path::PathBuf
env_logger, std::env, experiments/packages/env_logger/src/filter, mod.rs, std::env;
pkg-config, std::env, experiments/packages/pkg-config/src, lib.rs, std::env;
pkg-config, std::path, experiments/packages/pkg-config/src, lib.rs, std::path::PathBuf;
pkg-config, std::process, experiments/packages/pkg-config/src, lib.rs, std::process::Command
pkg-config, std::process, experiments/packages/pkg-config/src, lib.rs, std::process::Output
hyper, std::net, experiments/packages/hyper/src/server, server.rs, std::net::SocketAddr
hyper, std::net, experiments/packages/hyper/src/server, server.rs, std::net::TcpListenerasStdTcpListener
hyper, std::net, experiments/packages/hyper/src/server, tcp.rs, std::net::SocketAddr
hyper, std::net, experiments/packages/hyper/src/server, tcp.rs, std::net::TcpListenerasStdTcpListener
hyper, std::net, experiments/packages/hyper/src/client/connect, dns.rs, std::net::Ipv4Addr
hyper, std::net, experiments/packages/hyper/src/client/connect, dns.rs, std::net::Ipv6Addr
hyper, std::net, experiments/packages/hyper/src/client/connect, dns.rs, std::net::SocketAddr
hyper, std::net, experiments/packages/hyper/src/client/connect, dns.rs, std::net::SocketAddrV4
hyper, std::net, experiments/packages/hyper/src/client/connect, dns.rs, std::net::SocketAddrV6
hyper, std::net, experiments/packages/hyper/src/client/connect, dns.rs, std::net::ToSocketAddrs
hyper, std::net, experiments/packages/hyper/src/client/connect, http.rs, std::net::IpAddr
hyper, std::net, experiments/packages/hyper/src/client/connect, http.rs, std::net::Ipv4Addr
hyper, std::net, experiments/packages/hyper/src/client/connect, http.rs, std::net::Ipv6Addr
hyper, std::net, experiments/packages/hyper/src/client/connect, http.rs, std::net::SocketAddr
thiserror, std::path, experiments/packages/thiserror/src, display.rs, std::path::self
thiserror, std::path, experiments/packages/thiserror/src, display.rs, std::path::Path
thiserror, std::path, experiments/packages/thiserror/src, display.rs, std::path::PathBuf
termcolor, std::env, experiments/packages/termcolor/src, lib.rs, std::env;
socket2, std::net, experiments/packages/socket2/src, lib.rs, std::net::SocketAddr;
socket2, std::net, experiments/packages/socket2/src, socket.rs, std::net::self
socket2, std::net, experiments/packages/socket2/src, socket.rs, std::net::Ipv4Addr
socket2, std::net, experiments/packages/socket2/src, socket.rs, std::net::Ipv6Addr
socket2, std::net, experiments/packages/socket2/src, socket.rs, std::net::Shutdown
socket2, std::os, experiments/packages/socket2/src, socket.rs, std::os::unix::io::FromRawFd
socket2, std::os, experiments/packages/socket2/src, socket.rs, std::os::unix::io::IntoRawFd
socket2, std::os, experiments/packages/socket2/src, socket.rs, std::os::windows::io::FromRawSocket
socket2, std::os, experiments/packages/socket2/src, socket.rs, std::os::windows::io::IntoRawSocket
socket2, std::net, experiments/packages/socket2/src, sockaddr.rs, std::net::SocketAddr
socket2, std::net, experiments/packages/socket2/src, sockaddr.rs, std::net::SocketAddrV4
socket2, std::net, experiments/packages/socket2/src, sockaddr.rs, std::net::SocketAddrV6
socket2, std::os, experiments/packages/socket2/src, sockref.rs, std::os::unix::io::AsRawFd
socket2, std::os, experiments/packages/socket2/src, sockref.rs, std::os::unix::io::FromRawFd
socket2, std::os, experiments/packages/socket2/src, sockref.rs, std::os::windows::io::AsRawSocket
socket2, std::os, experiments/packages/socket2/src, sockref.rs, std::os::windows::io::FromRawSocket
socket2, std::net, experiments/packages/socket2/src/sys, unix.rs, std::net::Shutdown;
socket2, std::net, experiments/packages/socket2/src/sys, unix.rs, std::net::Ipv4Addr
socket2, std::net, experiments/packages/socket2/src/sys, unix.rs, std::net::Ipv6Addr
socket2, std::os, experiments/packages/socket2/src/sys, unix.rs, std::os::unix::ffi::OsStrExt;
socket2, std::os, experiments/packages/socket2/src/sys, unix.rs, std::os::unix::io::RawFd;
socket2, std::os, experiments/packages/socket2/src/sys, unix.rs, std::os::unix::io::AsRawFd
socket2, std::os, experiments/packages/socket2/src/sys, unix.rs, std::os::unix::io::FromRawFd
socket2, std::os, experiments/packages/socket2/src/sys, unix.rs, std::os::unix::io::IntoRawFd
socket2, std::os, experiments/packages/socket2/src/sys, unix.rs, std::os::unix::net::UnixDatagram
socket2, std::os, experiments/packages/socket2/src/sys, unix.rs, std::os::unix::net::UnixListener
socket2, std::os, experiments/packages/socket2/src/sys, unix.rs, std::os::unix::net::UnixStream
socket2, std::path, experiments/packages/socket2/src/sys, unix.rs, std::path::Path;
socket2, std::net, experiments/packages/socket2/src/sys, windows.rs, std::net::self
socket2, std::net, experiments/packages/socket2/src/sys, windows.rs, std::net::Ipv4Addr
socket2, std::net, experiments/packages/socket2/src/sys, windows.rs, std::net::Ipv6Addr
socket2, std::net, experiments/packages/socket2/src/sys, windows.rs, std::net::Shutdown
socket2, std::os, experiments/packages/socket2/src/sys, windows.rs, std::os::windows::prelude::*;
crossbeam-channel, std::process, experiments/packages/crossbeam-channel/src, counter.rs, std::process;
h2, std::fs, experiments/packages/h2/src/hpack/test, fixture.rs, std::fs::File;
h2, std::path, experiments/packages/h2/src/hpack/test, fixture.rs, std::path::Path;
backtrace, std::path, experiments/packages/backtrace/src, capture.rs, std::path::Path
backtrace, std::path, experiments/packages/backtrace/src, capture.rs, std::path::PathBuf
backtrace, std::fs, experiments/packages/backtrace/src/symbolize, gimli.rs, mystd::fs::File;
backtrace, std::path, experiments/packages/backtrace/src/symbolize, gimli.rs, mystd::path::Path;
backtrace, std::os, experiments/packages/backtrace/src/symbolize/gimli, libs_haiku.rs, super::mystd::os::unix::prelude::*;
backtrace, std::os, experiments/packages/backtrace/src/symbolize/gimli, libs_windows.rs, super::mystd::os::windows::prelude::*;
backtrace, std::os, experiments/packages/backtrace/src/symbolize/gimli, libs_illumos.rs, super::mystd::os::unix::prelude::*;
backtrace, std::os, experiments/packages/backtrace/src/symbolize/gimli, libs_macos.rs, super::mystd::os::unix::prelude::*;
backtrace, std::env, experiments/packages/backtrace/src/symbolize/gimli, libs_dl_iterate_phdr.rs, super::mystd::env;
backtrace, std::os, experiments/packages/backtrace/src/symbolize/gimli, libs_dl_iterate_phdr.rs, super::mystd::os::unix::prelude::*;
backtrace, std::fs, experiments/packages/backtrace/src/symbolize/gimli, mmap_unix.rs, super::mystd::fs::File;
backtrace, std::os, experiments/packages/backtrace/src/symbolize/gimli, mmap_unix.rs, super::mystd::os::unix::prelude::*;
backtrace, std::fs, experiments/packages/backtrace/src/symbolize/gimli, mmap_windows.rs, super::mystd::fs::File;
backtrace, std::os, experiments/packages/backtrace/src/symbolize/gimli, mmap_windows.rs, super::mystd::os::windows::prelude::*;
backtrace, std::fs, experiments/packages/backtrace/src/symbolize/gimli, elf.rs, super::mystd::fs;
backtrace, std::os, experiments/packages/backtrace/src/symbolize/gimli, elf.rs, super::mystd::os::unix::ffi::OsStrExt
backtrace, std::os, experiments/packages/backtrace/src/symbolize/gimli, elf.rs, super::mystd::os::unix::ffi::OsStringExt
backtrace, std::path, experiments/packages/backtrace/src/symbolize/gimli, elf.rs, super::mystd::path::Path
backtrace, std::path, experiments/packages/backtrace/src/symbolize/gimli, elf.rs, super::mystd::path::PathBuf
nix, std::os, experiments/packages/nix/src, dir.rs, std::os::unix::io::AsRawFd
nix, std::os, experiments/packages/nix/src, dir.rs, std::os::unix::io::IntoRawFd
nix, std::os, experiments/packages/nix/src, dir.rs, std::os::unix::io::RawFd
nix, std::os, experiments/packages/nix/src, lib.rs, std::os::unix::ffi::OsStrExt;
nix, std::path, experiments/packages/nix/src, lib.rs, std::path::Path
nix, std::path, experiments/packages/nix/src, lib.rs, std::path::PathBuf
nix, std::os, experiments/packages/nix/src, poll.rs, std::os::unix::io::AsRawFd
nix, std::os, experiments/packages/nix/src, poll.rs, std::os::unix::io::RawFd
nix, std::os, experiments/packages/nix/src, fcntl.rs, std::os::raw;
nix, std::os, experiments/packages/nix/src, fcntl.rs, std::os::unix::ffi::OsStringExt;
nix, std::os, experiments/packages/nix/src, fcntl.rs, std::os::unix::io::RawFd;
nix, std::os, experiments/packages/nix/src, unistd.rs, std::os::unix::ffi::OsStrExt;
nix, std::os, experiments/packages/nix/src, unistd.rs, std::os::unix::ffi::OsStringExt;
nix, std::os, experiments/packages/nix/src, unistd.rs, std::os::unix::io::RawFd;
nix, std::path, experiments/packages/nix/src, unistd.rs, std::path::PathBuf;
nix, std::os, experiments/packages/nix/src, pty.rs, std::os::unix::prelude::*;
nix, std::os, experiments/packages/nix/src, kmod.rs, std::os::unix::io::AsRawFd;
nix, std::os, experiments/packages/nix/src/sys, epoll.rs, std::os::unix::io::RawFd;
nix, std::os, experiments/packages/nix/src/sys, memfd.rs, std::os::unix::io::RawFd;
nix, std::os, experiments/packages/nix/src/sys, eventfd.rs, std::os::unix::io::RawFd;
nix, std::os, experiments/packages/nix/src/sys, timerfd.rs, std::os::unix::io::AsRawFd
nix, std::os, experiments/packages/nix/src/sys, timerfd.rs, std::os::unix::io::FromRawFd
nix, std::os, experiments/packages/nix/src/sys, timerfd.rs, std::os::unix::io::RawFd
nix, std::os, experiments/packages/nix/src/sys, inotify.rs, std::os::unix::ffi::OsStrExt;
nix, std::os, experiments/packages/nix/src/sys, inotify.rs, std::os::unix::io::RawFd
nix, std::os, experiments/packages/nix/src/sys, inotify.rs, std::os::unix::io::AsRawFd
nix, std::os, experiments/packages/nix/src/sys, inotify.rs, std::os::unix::io::FromRawFd
nix, std::os, experiments/packages/nix/src/sys, wait.rs, std::os::unix::io::RawFd;
nix, std::os, experiments/packages/nix/src/sys, statvfs.rs, std::os::unix::io::AsRawFd;
nix, std::os, experiments/packages/nix/src/sys, signal.rs, std::os::unix::io::RawFd;
nix, std::os, experiments/packages/nix/src/sys, signalfd.rs, std::os::unix::io::RawFd
nix, std::os, experiments/packages/nix/src/sys, signalfd.rs, std::os::unix::io::AsRawFd
nix, std::os, experiments/packages/nix/src/sys, sendfile.rs, std::os::unix::io::RawFd;
nix, std::os, experiments/packages/nix/src/sys, utsname.rs, std::os::unix::ffi::OsStrExt;
nix, std::os, experiments/packages/nix/src/sys, mman.rs, std::os::unix::io::RawFd;
nix, std::os, experiments/packages/nix/src/sys, event.rs, std::os::unix::io::RawFd;
nix, std::os, experiments/packages/nix/src/sys, select.rs, std::os::unix::io::RawFd;
nix, std::os, experiments/packages/nix/src/sys, statfs.rs, std::os::unix::io::AsRawFd;
nix, std::os, experiments/packages/nix/src/sys, termios.rs, std::os::unix::io::RawFd;
nix, std::os, experiments/packages/nix/src/sys, stat.rs, std::os::unix::io::RawFd;
nix, std::os, experiments/packages/nix/src/sys, uio.rs, std::os::unix::io::RawFd;
nix, std::path, experiments/packages/nix/src/sys/socket, addr.rs, std::path::Path;
nix, std::os, experiments/packages/nix/src/sys/socket, addr.rs, std::os::unix::ffi::OsStrExt;
nix, std::os, experiments/packages/nix/src/sys/socket, addr.rs, std::os::unix::io::RawFd;
nix, std::os, experiments/packages/nix/src/sys/socket, sockopt.rs, std::os::unix::io::RawFd;
nix, std::os, experiments/packages/nix/src/sys/socket, sockopt.rs, std::os::unix::ffi::OsStrExt;
nix, std::os, experiments/packages/nix/src/sys/socket, mod.rs, std::os::unix::io::RawFd;
nix, std::net, experiments/packages/nix/src/sys/socket, mod.rs, std::net;
remove_dir_all, std::fs, experiments/packages/remove_dir_all/src, unix.rs, std::fs;
remove_dir_all, std::path, experiments/packages/remove_dir_all/src, unix.rs, std::path::Path;
remove_dir_all, std::path, experiments/packages/remove_dir_all/src, portable.rs, std::path::Path;
tempfile, std::fs, experiments/packages/tempfile/src, spooled.rs, std::fs::File;
tempfile, std::path, experiments/packages/tempfile/src, util.rs, std::path::Path
tempfile, std::path, experiments/packages/tempfile/src, util.rs, std::path::PathBuf
tempfile, std::path, experiments/packages/tempfile/src, error.rs, std::path::PathBuf;
tempfile, std::path, experiments/packages/tempfile/src, dir.rs, std::path::self
tempfile, std::path, experiments/packages/tempfile/src, dir.rs, std::path::Path
tempfile, std::path, experiments/packages/tempfile/src, dir.rs, std::path::PathBuf
tempfile, std::fs, experiments/packages/tempfile/src, lib.rs, std::fs::OpenOptions;
tempfile, std::path, experiments/packages/tempfile/src, lib.rs, std::path::Path;
tempfile, std::env, experiments/packages/tempfile/src/file, mod.rs, std::env;
tempfile, std::fs, experiments/packages/tempfile/src/file, mod.rs, std::fs::self
tempfile, std::fs, experiments/packages/tempfile/src/file, mod.rs, std::fs::File
tempfile, std::fs, experiments/packages/tempfile/src/file, mod.rs, std::fs::OpenOptions
tempfile, std::path, experiments/packages/tempfile/src/file, mod.rs, std::path::Path
tempfile, std::path, experiments/packages/tempfile/src/file, mod.rs, std::path::PathBuf
tempfile, std::fs, experiments/packages/tempfile/src/file/imp, other.rs, std::fs::File
tempfile, std::fs, experiments/packages/tempfile/src/file/imp, other.rs, std::fs::OpenOptions
tempfile, std::path, experiments/packages/tempfile/src/file/imp, other.rs, std::path::Path;
tempfile, std::env, experiments/packages/tempfile/src/file/imp, unix.rs, std::env;
tempfile, std::fs, experiments/packages/tempfile/src/file/imp, unix.rs, std::fs::self
tempfile, std::fs, experiments/packages/tempfile/src/file/imp, unix.rs, std::fs::File
tempfile, std::fs, experiments/packages/tempfile/src/file/imp, unix.rs, std::fs::OpenOptions
tempfile, std::path, experiments/packages/tempfile/src/file/imp, unix.rs, std::path::Path;
tempfile, std::fs, experiments/packages/tempfile/src/file/imp, windows.rs, std::fs::File
tempfile, std::fs, experiments/packages/tempfile/src/file/imp, windows.rs, std::fs::OpenOptions
tempfile, std::os, experiments/packages/tempfile/src/file/imp, windows.rs, std::os::windows::ffi::OsStrExt;
tempfile, std::os, experiments/packages/tempfile/src/file/imp, windows.rs, std::os::windows::fs::OpenOptionsExt;
tempfile, std::os, experiments/packages/tempfile/src/file/imp, windows.rs, std::os::windows::io::AsRawHandle
tempfile, std::os, experiments/packages/tempfile/src/file/imp, windows.rs, std::os::windows::io::FromRawHandle
tempfile, std::os, experiments/packages/tempfile/src/file/imp, windows.rs, std::os::windows::io::RawHandle
tempfile, std::path, experiments/packages/tempfile/src/file/imp, windows.rs, std::path::Path;
flate2, std::os, experiments/packages/flate2/src/ffi, c.rs, std::os::raw::c_int
flate2, std::os, experiments/packages/flate2/src/ffi, c.rs, std::os::raw::c_uint
flate2, std::os, experiments/packages/flate2/src/ffi, c.rs, std::os::raw::c_void
walkdir, std::path, experiments/packages/walkdir/src, util.rs, std::path::Path;
walkdir, std::path, experiments/packages/walkdir/src, error.rs, std::path::Path
walkdir, std::path, experiments/packages/walkdir/src, error.rs, std::path::PathBuf
walkdir, std::fs, experiments/packages/walkdir/src, dent.rs, std::fs::self
walkdir, std::fs, experiments/packages/walkdir/src, dent.rs, std::fs::FileType
walkdir, std::path, experiments/packages/walkdir/src, dent.rs, std::path::Path
walkdir, std::path, experiments/packages/walkdir/src, dent.rs, std::path::PathBuf
walkdir, std::fs, experiments/packages/walkdir/src, lib.rs, std::fs::self
walkdir, std::fs, experiments/packages/walkdir/src, lib.rs, std::fs::ReadDir
walkdir, std::path, experiments/packages/walkdir/src, lib.rs, std::path::Path
walkdir, std::path, experiments/packages/walkdir/src, lib.rs, std::path::PathBuf
walkdir, std::fs, experiments/packages/walkdir/src/tests, recursive.rs, std::fs;
walkdir, std::path, experiments/packages/walkdir/src/tests, recursive.rs, std::path::PathBuf;
walkdir, std::env, experiments/packages/walkdir/src/tests, util.rs, std::env;
walkdir, std::fs, experiments/packages/walkdir/src/tests, util.rs, std::fs::self
walkdir, std::fs, experiments/packages/walkdir/src/tests, util.rs, std::fs::File
walkdir, std::path, experiments/packages/walkdir/src/tests, util.rs, std::path::Path
walkdir, std::path, experiments/packages/walkdir/src/tests, util.rs, std::path::PathBuf
same-file, std::fs, experiments/packages/same-file/src, win.rs, std::fs::File;
same-file, std::os, experiments/packages/same-file/src, win.rs, std::os::windows::io::AsRawHandle
same-file, std::os, experiments/packages/same-file/src, win.rs, std::os::windows::io::IntoRawHandle
same-file, std::os, experiments/packages/same-file/src, win.rs, std::os::windows::io::RawHandle
same-file, std::path, experiments/packages/same-file/src, win.rs, std::path::Path;
same-file, std::fs, experiments/packages/same-file/src, unix.rs, std::fs::File
same-file, std::fs, experiments/packages/same-file/src, unix.rs, std::fs::OpenOptions
same-file, std::os, experiments/packages/same-file/src, unix.rs, std::os::unix::fs::MetadataExt;
same-file, std::os, experiments/packages/same-file/src, unix.rs, std::os::unix::io::AsRawFd
same-file, std::os, experiments/packages/same-file/src, unix.rs, std::os::unix::io::FromRawFd
same-file, std::os, experiments/packages/same-file/src, unix.rs, std::os::unix::io::IntoRawFd
same-file, std::os, experiments/packages/same-file/src, unix.rs, std::os::unix::io::RawFd
same-file, std::path, experiments/packages/same-file/src, unix.rs, std::path::Path;
same-file, std::fs, experiments/packages/same-file/src, lib.rs, std::fs::File;
same-file, std::path, experiments/packages/same-file/src, lib.rs, std::path::Path;
same-file, std::fs, experiments/packages/same-file/src, unknown.rs, std::fs::File;
same-file, std::path, experiments/packages/same-file/src, unknown.rs, std::path::Path;
glob, std::fs, experiments/packages/glob/src, lib.rs, std::fs;
glob, std::path, experiments/packages/glob/src, lib.rs, std::path::self
glob, std::path, experiments/packages/glob/src, lib.rs, std::path::Component
glob, std::path, experiments/packages/glob/src, lib.rs, std::path::Path
glob, std::path, experiments/packages/glob/src, lib.rs, std::path::PathBuf
openssl, std::path, experiments/packages/openssl/src/ssl, mod.rs, std::path::Path;
openssl, std::net, experiments/packages/openssl/src/ssl/test, server.rs, std::net::SocketAddr
openssl, std::net, experiments/packages/openssl/src/ssl/test, server.rs, std::net::TcpListener
openssl, std::net, experiments/packages/openssl/src/ssl/test, server.rs, std::net::TcpStream
openssl, std::env, experiments/packages/openssl/src/ssl/test, mod.rs, std::env;
openssl, std::fs, experiments/packages/openssl/src/ssl/test, mod.rs, std::fs::File;
openssl, std::net, experiments/packages/openssl/src/ssl/test, mod.rs, std::net::UdpSocket;
openssl, std::net, experiments/packages/openssl/src/ssl/test, mod.rs, std::net::SocketAddr
openssl, std::net, experiments/packages/openssl/src/ssl/test, mod.rs, std::net::TcpListener
openssl, std::net, experiments/packages/openssl/src/ssl/test, mod.rs, std::net::TcpStream
openssl, std::path, experiments/packages/openssl/src/ssl/test, mod.rs, std::path::Path;
openssl, std::process, experiments/packages/openssl/src/ssl/test, mod.rs, std::process::Child
openssl, std::process, experiments/packages/openssl/src/ssl/test, mod.rs, std::process::ChildStdin
openssl, std::process, experiments/packages/openssl/src/ssl/test, mod.rs, std::process::Command
openssl, std::process, experiments/packages/openssl/src/ssl/test, mod.rs, std::process::Stdio
openssl, std::path, experiments/packages/openssl/src/x509, mod.rs, std::path::Path;
openssl, std::net, experiments/packages/openssl/src/x509, verify.rs, std::net::IpAddr;
openssl-probe, std::env, experiments/packages/openssl-probe/src, lib.rs, std::env;
openssl-probe, std::path, experiments/packages/openssl-probe/src, lib.rs, std::path::Path
openssl-probe, std::path, experiments/packages/openssl-probe/src, lib.rs, std::path::PathBuf
rayon-core, std::env, experiments/packages/rayon-core/src, log.rs, std::env;
rayon-core, std::fs, experiments/packages/rayon-core/src, log.rs, std::fs::File;
rayon-core, std::env, experiments/packages/rayon-core/src, lib.rs, std::env;
reqwest, std::net, experiments/packages/reqwest/src, proxy.rs, std::net::SocketAddr;
reqwest, std::env, experiments/packages/reqwest/src, proxy.rs, std::env;
reqwest, std::net, experiments/packages/reqwest/src, proxy.rs, std::net::IpAddr;
reqwest, std::net, experiments/packages/reqwest/src, connect.rs, std::net::IpAddr;
reqwest, std::net, experiments/packages/reqwest/src, dns.rs, std::net::SocketAddr;
reqwest, std::net, experiments/packages/reqwest/src/async_impl, response.rs, std::net::SocketAddr;
reqwest, std::net, experiments/packages/reqwest/src/async_impl, client.rs, std::net::IpAddr;
reqwest, std::net, experiments/packages/reqwest/src/blocking, response.rs, std::net::SocketAddr;
reqwest, std::net, experiments/packages/reqwest/src/blocking, client.rs, std::net::IpAddr;
reqwest, std::net, experiments/packages/reqwest/src/blocking, client.rs, std::net::SocketAddr;
reqwest, std::fs, experiments/packages/reqwest/src/blocking, body.rs, std::fs::File;
reqwest, std::fs, experiments/packages/reqwest/src/blocking, multipart.rs, std::fs::File;
reqwest, std::path, experiments/packages/reqwest/src/blocking, multipart.rs, std::path::Path;
which, std::env, experiments/packages/which/src, lib.rs, std::env;
which, std::path, experiments/packages/which/src, lib.rs, std::path;
which, std::env, experiments/packages/which/src, finder.rs, std::env;
which, std::fs, experiments/packages/which/src, finder.rs, std::fs;
which, std::path, experiments/packages/which/src, finder.rs, std::path::Path
which, std::path, experiments/packages/which/src, finder.rs, std::path::PathBuf
which, std::fs, experiments/packages/which/src, checker.rs, std::fs;
which, std::os, experiments/packages/which/src, checker.rs, std::os::unix::ffi::OsStrExt;
which, std::path, experiments/packages/which/src, checker.rs, std::path::Path;
which, std::path, experiments/packages/which/src, helper.rs, std::path::Path;
native-tls, std::fs, experiments/packages/native-tls/src, test.rs, std::fs;
native-tls, std::net, experiments/packages/native-tls/src, test.rs, std::net::TcpListener
native-tls, std::net, experiments/packages/native-tls/src, test.rs, std::net::TcpStream
native-tls, std::process, experiments/packages/native-tls/src, test.rs, std::process::Command
native-tls, std::process, experiments/packages/native-tls/src, test.rs, std::process::Stdio
dirs, std::path, experiments/packages/dirs/src, win.rs, std::path::PathBuf;
dirs, std::path, experiments/packages/dirs/src, lib.rs, std::path::PathBuf;
dirs, std::path, experiments/packages/dirs/src, mac.rs, std::path::PathBuf;
dirs, std::env, experiments/packages/dirs/src, lin.rs, std::env;
dirs, std::path, experiments/packages/dirs/src, lin.rs, std::path::PathBuf;
dirs, std::path, experiments/packages/dirs/src, wasm.rs, std::path::PathBuf;
net2, std::net, experiments/packages/net2/src, lib.rs, std::net::ToSocketAddrs
net2, std::net, experiments/packages/net2/src, lib.rs, std::net::SocketAddr
net2, std::net, experiments/packages/net2/src, ext.rs, std::net::TcpStream
net2, std::net, experiments/packages/net2/src, ext.rs, std::net::TcpListener
net2, std::net, experiments/packages/net2/src, ext.rs, std::net::UdpSocket
net2, std::net, experiments/packages/net2/src, ext.rs, std::net::Ipv4Addr
net2, std::net, experiments/packages/net2/src, ext.rs, std::net::Ipv6Addr
net2, std::net, experiments/packages/net2/src, ext.rs, std::net::ToSocketAddrs;
net2, std::net, experiments/packages/net2/src, socket.rs, std::net::Ipv4Addr
net2, std::net, experiments/packages/net2/src, socket.rs, std::net::Ipv6Addr
net2, std::net, experiments/packages/net2/src, socket.rs, std::net::SocketAddr
net2, std::net, experiments/packages/net2/src, socket.rs, std::net::SocketAddrV4
net2, std::net, experiments/packages/net2/src, socket.rs, std::net::SocketAddrV6
net2, std::net, experiments/packages/net2/src, tcp.rs, std::net::SocketAddr
net2, std::net, experiments/packages/net2/src, tcp.rs, std::net::ToSocketAddrs
net2, std::net, experiments/packages/net2/src, tcp.rs, std::net::TcpListener
net2, std::net, experiments/packages/net2/src, tcp.rs, std::net::TcpStream
net2, std::net, experiments/packages/net2/src, udp.rs, std::net::ToSocketAddrs
net2, std::net, experiments/packages/net2/src, udp.rs, std::net::UdpSocket
net2, std::net, experiments/packages/net2/src/sys/redox, mod.rs, std::net::TcpListener
net2, std::net, experiments/packages/net2/src/sys/redox, mod.rs, std::net::TcpStream
net2, std::net, experiments/packages/net2/src/sys/redox, mod.rs, std::net::UdpSocket
net2, std::os, experiments/packages/net2/src/sys/redox, mod.rs, std::os::unix::io::FromRawFd;
net2, std::os, experiments/packages/net2/src/sys/redox, impls.rs, std::os::unix::io::FromRawFd
net2, std::os, experiments/packages/net2/src/sys/redox, impls.rs, std::os::unix::io::AsRawFd
net2, std::net, experiments/packages/net2/src/sys/unix, mod.rs, std::net::TcpListener
net2, std::net, experiments/packages/net2/src/sys/unix, mod.rs, std::net::TcpStream
net2, std::net, experiments/packages/net2/src/sys/unix, mod.rs, std::net::UdpSocket
net2, std::os, experiments/packages/net2/src/sys/unix, mod.rs, std::os::unix::io::FromRawFd;
net2, std::os, experiments/packages/net2/src/sys/unix, impls.rs, std::os::unix::io::FromRawFd
net2, std::os, experiments/packages/net2/src/sys/unix, impls.rs, std::os::unix::io::AsRawFd
net2, std::net, experiments/packages/net2/src/sys/wasi, mod.rs, std::net::TcpListener
net2, std::net, experiments/packages/net2/src/sys/wasi, mod.rs, std::net::TcpStream
net2, std::net, experiments/packages/net2/src/sys/wasi, mod.rs, std::net::UdpSocket
net2, std::os, experiments/packages/net2/src/sys/wasi, mod.rs, std::os::wasi::io::FromRawFd;
net2, std::os, experiments/packages/net2/src/sys/wasi, impls.rs, std::os::wasi::io::FromRawFd
net2, std::os, experiments/packages/net2/src/sys/wasi, impls.rs, std::os::wasi::io::AsRawFd
net2, std::net, experiments/packages/net2/src/sys/windows, mod.rs, std::net::TcpListener
net2, std::net, experiments/packages/net2/src/sys/windows, mod.rs, std::net::TcpStream
net2, std::net, experiments/packages/net2/src/sys/windows, mod.rs, std::net::UdpSocket
net2, std::os, experiments/packages/net2/src/sys/windows, mod.rs, std::os::windows::io::RawSocket
net2, std::os, experiments/packages/net2/src/sys/windows, mod.rs, std::os::windows::io::FromRawSocket
net2, std::os, experiments/packages/net2/src/sys/windows, impls.rs, std::os::windows::io::FromRawSocket
net2, std::os, experiments/packages/net2/src/sys/windows, impls.rs, std::os::windows::io::RawSocket
net2, std::os, experiments/packages/net2/src/sys/windows, impls.rs, std::os::windows::io::AsRawSocket
rustls, std::env, experiments/packages/rustls/src, key_log_file.rs, std::env;
rustls, std::fs, experiments/packages/rustls/src, key_log_file.rs, std::fs::File
rustls, std::fs, experiments/packages/rustls/src, key_log_file.rs, std::fs::OpenOptions
rustls, std::path, experiments/packages/rustls/src, key_log_file.rs, std::path::Path;
rustls, std::fs, experiments/packages/rustls/src/msgs, message_test.rs, std::fs;
rustls, std::path, experiments/packages/rustls/src/msgs, message_test.rs, std::path::Path
rustls, std::path, experiments/packages/rustls/src/msgs, message_test.rs, std::path::PathBuf
rustls, std::net, experiments/packages/rustls/src/client, client_conn.rs, std::net::IpAddr;
ipnet, std::net, experiments/packages/ipnet/src, ipext.rs, std::net::IpAddr
ipnet, std::net, experiments/packages/ipnet/src, ipext.rs, std::net::Ipv4Addr
ipnet, std::net, experiments/packages/ipnet/src, ipext.rs, std::net::Ipv6Addr
ipnet, std::net, experiments/packages/ipnet/src, ipnet_serde.rs, std::net::Ipv4Addr
ipnet, std::net, experiments/packages/ipnet/src, ipnet_serde.rs, std::net::Ipv6Addr
ipnet, std::net, experiments/packages/ipnet/src, parser.rs, std::net::Ipv4Addr
ipnet, std::net, experiments/packages/ipnet/src, parser.rs, std::net::Ipv6Addr
ipnet, std::net, experiments/packages/ipnet/src, ipnet.rs, std::net::IpAddr
ipnet, std::net, experiments/packages/ipnet/src, ipnet.rs, std::net::Ipv4Addr
ipnet, std::net, experiments/packages/ipnet/src, ipnet.rs, std::net::Ipv6Addr
miow, std::net, experiments/packages/miow/src, net.rs, std::net::Ipv4Addr
miow, std::net, experiments/packages/miow/src, net.rs, std::net::Ipv6Addr
miow, std::net, experiments/packages/miow/src, net.rs, std::net::SocketAddrV4
miow, std::net, experiments/packages/miow/src, net.rs, std::net::SocketAddrV6
miow, std::net, experiments/packages/miow/src, net.rs, std::net::SocketAddr
miow, std::net, experiments/packages/miow/src, net.rs, std::net::TcpListener
miow, std::net, experiments/packages/miow/src, net.rs, std::net::TcpStream
miow, std::net, experiments/packages/miow/src, net.rs, std::net::UdpSocket
miow, std::os, experiments/packages/miow/src, net.rs, std::os::windows::prelude::*;
miow, std::os, experiments/packages/miow/src, iocp.rs, std::os::windows::io::*;
miow, std::fs, experiments/packages/miow/src, pipe.rs, std::fs::File
miow, std::fs, experiments/packages/miow/src, pipe.rs, std::fs::OpenOptions
miow, std::os, experiments/packages/miow/src, pipe.rs, std::os::windows::ffi::*;
miow, std::os, experiments/packages/miow/src, pipe.rs, std::os::windows::io::*;
libloading, std::os, experiments/packages/libloading/src, util.rs, std::os::raw;
libloading, std::env, experiments/packages/libloading/src, lib.rs, std::env::consts::DLL_PREFIX
libloading, std::env, experiments/packages/libloading/src, lib.rs, std::env::consts::DLL_SUFFIX
libloading, std::os, experiments/packages/libloading/src/os/unix, consts.rs, std::os::raw::c_int;
libloading, std::os, experiments/packages/libloading/src/os/unix, mod.rs, std::os::raw;
stable_deref_trait, std::path, experiments/packages/stable_deref_trait/src, lib.rs, std::path::PathBuf;
